{
  "us": {
    "n_estimators": 200,
    "learning_rate": 0.08377744893235954,
    "max_depth": 4,
    "num_leaves": 17,
    "min_child_samples": 21,
    "min_child_weight": 0.7064663044572621,
    "reg_alpha": 1.6859030693575037e-08,
    "reg_lambda": 2.9798205178250914e-06,
    "subsample": 0.5499419578649032,
    "colsample_bytree": 0.7754728457940351
  },
  "germany": {
    "n_estimators": 200,
    "learning_rate": 0.05445392059525762,
    "max_depth": 4,
    "num_leaves": 17,
    "min_child_samples": 6,
    "min_child_weight": 0.0028015270476799583,
    "reg_alpha": 3.597410401185942e-07,
    "reg_lambda": 4.821502864261471e-06,
    "subsample": 0.715993349062404,
    "colsample_bytree": 0.7285081301827336
  },
  "japan": {
    "n_estimators": 150,
    "learning_rate": 0.09087784767499751,
    "max_depth": 3,
    "num_leaves": 12,
    "min_child_samples": 12,
    "min_child_weight": 0.006018972980681276,
    "reg_alpha": 1.6011871632861024e-08,
    "reg_lambda": 0.07348598477004785,
    "subsample": 0.7229890333684302,
    "colsample_bytree": 0.9207955234053374
  },
  "india": {
    "n_estimators": 200,
    "learning_rate": 0.0342810420467172,
    "max_depth": 6,
    "num_leaves": 13,
    "min_child_samples": 8,
    "min_child_weight": 0.015527881216905652,
    "reg_alpha": 6.675224050897957e-07,
    "reg_lambda": 0.09564693879328558,
    "subsample": 0.5705758932904429,
    "colsample_bytree": 0.7831219270192467
  }
}