country,baseline_rmse,best_rmse,improvement_pct
us,2.263174855872226,2.1532717200595775,4.856148676602903
germany,3.0745084729408174,2.7669405805813527,10.003806952116513
japan,3.126610606185719,2.7274099113161925,12.767841767047791
india,4.548352480785374,4.235606801395802,6.876021168341142
