,gdp_level,gdp_growth,cpi_level,m2_level,fed_funds_rate,unrate,indpro_level,cpi_growth,indpro_growth,m2_growth,recession,covid_shock,quarter,gdp_growth_lag1,gdp_growth_lag2,gdp_growth_lag3,gdp_growth_lag4,cpi_growth_lag1,cpi_growth_lag2,indpro_growth_lag1,indpro_growth_lag2,m2_growth_lag1,m2_growth_lag2,unrate_lag1,unrate_lag2,fed_funds_rate_lag1,fed_funds_rate_lag2,gdp_growth_roll2_mean,gdp_growth_roll2_std,gdp_growth_roll4_mean,gdp_growth_roll4_std,gdp_growth_yoy,unrate_diff,fed_funds_rate_diff,country,country_id,wb_gdp_growth_pct,wb_cpi_inflation_pct,wb_unemployment_pct,wb_trade_bal_gdp_pct,wb_gross_savings_pct,wb_gdp_growth_pct_lag1,wb_gdp_growth_pct_lag2,wb_cpi_inflation_pct_lag1,wb_cpi_inflation_pct_lag2,wb_unemployment_pct_lag1,wb_unemployment_pct_lag2,wb_trade_bal_gdp_pct_lag1,wb_trade_bal_gdp_pct_lag2,wb_gross_savings_pct_lag1,wb_gross_savings_pct_lag2,interest_rate,oecd_leading_index,interest_rate_lag1,interest_rate_lag2,oecd_leading_index_lag1,oecd_leading_index_lag2,interest_rate_diff,oecd_leading_index_diff,brent_crude,sentiment,brent_crude_lag1,brent_crude_lag2,sentiment_lag1,sentiment_lag2,brent_crude_diff,sentiment_diff
2000-01-01,,1.87914567896685,99.02434999999998,,,4.833333333333333,103.4289,,,,0,0,1,,,,,,,,,,,,,,,,,,,,,,japan,2,2.76464755136783,-0.676578683595175,4.748,1.36461682159555,31.0308729044071,,,,,,,,,,,0.0254633333333333,92.97731333333331,,,,,,,,,,,,,,
2000-04-01,600717.0,0.8375509928457703,79.64032666666667,,,8.0,82.44201,0.1172119997647769,2.653089214785176,,0,0,2,,,,,,,,,,,,,,,,,,,,,,germany,3,2.8765231247659,1.44026838719741,7.917,0.165707202088596,22.3961975609088,,,,,,,,,,,3.9665,92.96054166666666,,,,,,,26.766666666666666,-40.4,,,,,,
2000-04-01,,0.611637523018782,99.26190333333334,,,4.7,106.01553333333334,0.2396065718040851,2.4701204135567423,,0,0,2,1.87914567896685,,,,,,,,,,4.833333333333333,,,,,,,,,-0.13333333333333286,,japan,2,2.76464755136783,-0.676578683595175,4.748,1.36461682159555,31.0308729044071,2.76464755136783,,-0.676578683595175,,4.748,,1.36461682159555,,31.0308729044071,,0.0206366666666666,92.96054166666666,0.0254633333333333,,92.97731333333331,,-0.004826666666666701,-0.016771666666656415,,,,,,,,
2000-04-01,14130.908,1.804901034497952,171.4333333333333,4766.566666666667,6.273333333333333,3.9333333333333336,92.87833333333332,0.7807964710944582,1.1270407901489143,1.7338620692109783,0,0,2,,,,,,,,,,,,,,,,,,,,,,us,0,,,,,,,,,,,,,,,,,,,,,,,,,,,,,,,
2000-07-01,600864.3,0.0245176919344558,80.16898333333334,,,7.900000000000001,83.85954,0.6616117610084515,1.7048119301569464,,0,0,3,0.8375509928457703,,,,0.1172119997647769,,2.653089214785176,,,,8.0,,,,,,,,,-0.09999999999999876,,germany,3,2.8765231247659,1.44026838719741,7.917,0.165707202088596,22.3961975609088,2.8765231247659,,1.44026838719741,,7.917,,0.165707202088596,,22.3961975609088,,4.4394,88.0215475,3.9665,,92.96054166666666,,0.4729000000000001,-4.93899416666666,30.67333333333333,-43.63333333333333,26.766666666666666,,-40.4,,3.9066666666666627,-3.2333333333333343
2000-07-01,,-0.045133217948401,99.02434999999998,,,4.666666666666667,106.7596,-0.2396065718040851,0.6993953551181598,,0,0,3,0.611637523018782,1.87914567896685,,,0.2396065718040851,,2.4701204135567423,,,,4.7,4.833333333333333,,,1.245391600992816,0.8962636122801348,,,,-0.033333333333333215,,japan,2,2.76464755136783,-0.676578683595175,4.748,1.36461682159555,31.0308729044071,2.76464755136783,2.76464755136783,-0.676578683595175,-0.676578683595175,4.748,4.748,1.36461682159555,1.36461682159555,31.0308729044071,31.0308729044071,0.1419066666666666,88.0215475,0.0206366666666666,0.0254633333333333,92.96054166666666,92.97731333333331,0.12127,-4.93899416666666,,,,,,,,
2000-07-01,14145.312,0.1018806703717345,173.0,4823.233333333333,6.52,4.0,92.7787,0.9097130385018914,-0.1073305342750963,1.1818249853547511,0,0,3,1.804901034497952,,,,0.7807964710944582,,1.1270407901489143,,1.7338620692109783,,3.9333333333333336,,6.273333333333333,,,,,,,0.06666666666666643,0.24666666666666615,us,0,,,,,,,,,,,,,,,,,,,,,,,,,,,,,,,
2000-10-01,,1.0363330479737,98.88860333333332,,,4.733333333333333,107.99973333333332,-0.1371781742100175,1.1549180177683027,,0,0,4,-0.045133217948401,0.611637523018782,1.87914567896685,,-0.2396065718040851,0.2396065718040851,0.6993953551181598,2.4701204135567423,,,4.666666666666667,4.7,,,0.28325215253519054,0.4644070446228092,,,,0.06666666666666643,,japan,2,2.76464755136783,-0.676578683595175,4.748,1.36461682159555,31.0308729044071,2.76464755136783,2.76464755136783,-0.676578683595175,-0.676578683595175,4.748,4.748,1.36461682159555,1.36461682159555,31.0308729044071,31.0308729044071,0.2455166666666667,47.26013,0.1419066666666666,0.0206366666666666,88.0215475,92.96054166666666,0.10361000000000009,-40.7614175,,,,,,,,
2000-10-01,598359.2,-0.4177876173711681,80.41776333333333,,,7.766666666666667,84.1817,0.3098390174636201,0.3834301564259235,,0,0,4,0.0245176919344558,0.8375509928457703,,,0.6616117610084515,0.1172119997647769,1.7048119301569464,2.653089214785176,,,7.900000000000001,8.0,,,0.43103434239011307,0.5749013604048733,,,,-0.13333333333333464,,germany,3,2.8765231247659,1.44026838719741,7.917,0.165707202088596,22.3961975609088,2.8765231247659,2.8765231247659,1.44026838719741,1.44026838719741,7.917,7.917,0.165707202088596,0.165707202088596,22.3961975609088,22.3961975609088,4.8062000000000005,47.26013,4.4394,3.9665,88.0215475,92.96054166666666,0.36680000000000046,-40.7614175,29.723333333333333,-41.8,30.67333333333333,26.766666666666666,-43.63333333333333,-40.4,-0.9499999999999957,1.8333333333333357
2000-10-01,14229.765,0.5952635784890248,174.23333333333335,4893.766666666666,6.473333333333334,3.9,92.5344,0.7103802552987482,-0.2636620309371729,1.4517767245473934,0,0,4,0.1018806703717345,1.804901034497952,,,0.9097130385018914,0.7807964710944582,-0.1073305342750963,1.1270407901489143,1.1818249853547511,1.7338620692109783,4.0,3.9333333333333336,6.52,6.273333333333333,0.9533908524348432,1.2042172479724318,,,,-0.10000000000000009,-0.04666666666666597,us,0,,,,,,,,,,,,,,,,,,,,,,,,,,,,,,,
2001-01-01,,0.58479578460946,98.61712,,,4.766666666666667,104.84623333333332,-0.2749120377202096,-2.963392561908851,,1,0,1,1.0363330479737,-0.045133217948401,0.611637523018782,1.87914567896685,-0.1371781742100175,-0.2396065718040851,1.1549180177683027,0.6993953551181598,,,4.733333333333333,4.666666666666667,,,0.49559991501264955,0.7647121302580121,0.8704957580027328,0.8062796614132847,3.4819830320109313,0.033333333333333215,,japan,2,0.386103426142029,-0.740055504162738,5.02,0.593995454561699,29.7229420266358,2.76464755136783,2.76464755136783,-0.676578683595175,-0.676578683595175,4.748,4.748,1.36461682159555,1.36461682159555,31.0308729044071,31.0308729044071,0.2013466666666666,46.92335,0.2455166666666667,0.1419066666666666,47.26013,88.0215475,-0.0441700000000001,-0.3367799999999974,,,,,,,,
2001-01-01,14183.12,-0.3283372449143229,175.9,5021.3,5.593333333333334,4.233333333333333,91.44053333333332,0.9520254692745312,-1.1891615201818695,2.572657786590682,1,0,1,0.5952635784890248,0.1018806703717345,1.804901034497952,,0.7103802552987482,0.9097130385018914,-0.2636620309371729,-0.1073305342750963,1.4517767245473934,1.1818249853547511,3.9,4.0,6.473333333333334,6.52,0.34857212443037966,0.34887440005127524,,,,0.3333333333333335,-0.8799999999999999,us,0,,,,,,,,,,,,,,,,,,,,,,,,,,,,,,,
2001-01-01,610958.9,2.0838447615707523,80.91531333333334,,,7.666666666666667,84.5683,0.6168004574014674,0.4581933942048088,,0,0,1,-0.4177876173711681,0.0245176919344558,0.8375509928457703,,0.3098390174636201,0.6616117610084515,0.3834301564259235,1.7048119301569464,,,7.766666666666667,7.900000000000001,,,-0.19663496271835615,0.3127570835648201,,,,-0.09999999999999964,,germany,3,1.63614170690956,1.98385731334471,7.773,1.56153639440135,22.5642466339945,2.8765231247659,2.8765231247659,1.44026838719741,1.44026838719741,7.917,7.917,0.165707202088596,0.165707202088596,22.3961975609088,22.3961975609088,4.843266666666666,46.92335,4.8062000000000005,4.4394,47.26013,88.0215475,0.03706666666666525,-0.3367799999999974,25.87333333333333,-41.86666666666667,29.723333333333333,30.67333333333333,-41.8,-43.63333333333333,-3.8500000000000014,-0.06666666666666998
2001-04-01,,-0.758646066177637,98.54924666666666,,,4.9,101.51550000000002,-0.0688487972486662,-3.228333618371959,,1,0,2,0.58479578460946,1.0363330479737,-0.045133217948401,0.611637523018782,-0.2749120377202096,-0.1371781742100175,-2.963392561908851,1.1549180177683027,,,4.766666666666667,4.733333333333333,,,0.81056441629158,0.31928506088327085,0.5469082844133852,0.44559887668410675,2.187633137653541,0.13333333333333375,,japan,2,0.386103426142029,-0.740055504162738,5.02,0.593995454561699,29.7229420266358,0.386103426142029,2.76464755136783,-0.740055504162738,-0.676578683595175,5.02,4.748,0.593995454561699,1.36461682159555,29.7229420266358,31.0308729044071,0.01873,82.258965,0.2013466666666666,0.2455166666666667,46.92335,47.26013,-0.1826166666666666,35.335615000000004,,,,,,,,
2001-04-01,609706.3,-0.2052324322290744,81.66165333333333,,,7.666666666666667,83.60181,0.9181438899497074,-1.1494321327196744,,0,0,2,2.0838447615707523,-0.4177876173711681,0.0245176919344558,0.8375509928457703,0.6168004574014674,0.3098390174636201,0.4581933942048088,0.3834301564259235,,,7.666666666666667,7.766666666666667,,,0.8330285720997921,1.768921219185667,0.6320314572449526,1.0986648282651323,2.5281258289798103,0.0,,germany,3,1.63614170690956,1.98385731334471,7.773,1.56153639440135,22.5642466339945,1.63614170690956,2.8765231247659,1.98385731334471,1.44026838719741,7.773,7.917,1.56153639440135,0.165707202088596,22.5642466339945,22.3961975609088,4.752433333333333,82.258965,4.843266666666666,4.8062000000000005,46.92335,47.26013,-0.09083333333333243,35.335615000000004,27.27333333333333,-44.333333333333336,25.87333333333333,29.723333333333333,-41.86666666666667,-41.8,1.3999999999999986,-2.4666666666666686
2001-04-01,14271.694,0.6225609914771724,177.13333333333333,5153.099999999999,4.326666666666667,4.4,90.341,0.6987092914091164,-1.209745261483075,2.590961100731448,1,0,2,-0.3283372449143229,0.5952635784890248,0.1018806703717345,1.804901034497952,0.9520254692745312,0.7103802552987482,-1.1891615201818695,-0.2636620309371729,2.572657786590682,1.4517767245473934,4.233333333333333,3.9,5.593333333333334,6.473333333333334,0.13346316678735093,0.6530844053379861,0.5434270096110971,0.9217627732595159,2.1737080384443885,0.16666666666666696,-1.2666666666666666,us,0,,,,,,,,,,,,,,,,,,,,,,,,,,,,,,,
2001-07-01,609485.3,-0.0362535310150846,81.78604333333334,,,7.833333333333333,82.76418,0.152207741744359,-1.006981148056152,,0,0,3,-0.2052324322290744,2.0838447615707523,-0.4177876173711681,0.0245176919344558,0.9181438899497074,0.6168004574014674,-1.1494321327196744,0.4581933942048088,,,7.666666666666667,7.666666666666667,,,0.9393061646708389,1.6186220063953303,0.3713356009762414,1.1558714515898747,1.4853424039049656,0.16666666666666607,,germany,3,1.63614170690956,1.98385731334471,7.773,1.56153639440135,22.5642466339945,1.63614170690956,1.63614170690956,1.98385731334471,1.98385731334471,7.773,7.773,1.56153639440135,1.56153639440135,22.5642466339945,22.5642466339945,4.327766666666666,93.00559333333332,4.752433333333333,4.843266666666666,82.258965,46.92335,-0.42466666666666697,10.74662833333332,25.30333333333333,-45.06666666666666,27.27333333333333,25.87333333333333,-44.333333333333336,-41.86666666666667,-1.9699999999999989,-0.7333333333333272
2001-07-01,,-1.17725202115579,98.31169666666666,,,5.133333333333333,97.22812,-0.2413379833263285,-4.315152614393991,,0,0,3,-0.758646066177637,0.58479578460946,1.0363330479737,-0.045133217948401,-0.0688487972486662,-0.2749120377202096,-3.228333618371959,-2.963392561908851,,,4.9,4.766666666666667,,,-0.08692514078408847,0.9499568428213627,0.20433738711428054,0.7802858634325135,0.8173495484571222,0.2333333333333325,,japan,2,0.386103426142029,-0.740055504162738,5.02,0.593995454561699,29.7229420266358,0.386103426142029,0.386103426142029,-0.740055504162738,-0.740055504162738,5.02,5.02,0.593995454561699,0.593995454561699,29.7229420266358,29.7229420266358,0.0093033333333333,93.00559333333332,0.01873,0.2013466666666666,82.258965,46.92335,-0.0094266666666667,10.74662833333332,,,,,,,,
2001-07-01,14214.516,-0.4014439041817752,177.63333333333333,5270.766666666666,3.4966666666666666,4.833333333333333,89.08386666666667,0.2818755977023635,-1.4013151336200735,2.2577354189342813,1,0,3,0.6225609914771724,-0.3283372449143229,0.5952635784890248,0.1018806703717345,0.6987092914091164,0.9520254692745312,-1.209745261483075,-1.1891615201818695,2.590961100731448,2.572657786590682,4.4,4.233333333333333,4.326666666666667,5.593333333333334,0.14711187328142472,0.672386591170755,0.2478419988559022,0.45254955816660425,0.9913679954236088,0.4333333333333327,-0.8300000000000005,us,0,,,,,,,,,,,,,,,,,,,,,,,,,,,,,,,
2001-10-01,607717.0,-0.2905517421391224,81.75494333333333,,,8.033333333333333,80.96005,-0.0380332796185101,-2.2039535965526547,,0,0,4,-0.0362535310150846,-0.2052324322290744,2.0838447615707523,-0.4177876173711681,0.152207741744359,0.9181438899497074,-1.006981148056152,-1.1494321327196744,,,7.833333333333333,7.666666666666667,,,-0.1207429816220795,0.11948612692586391,0.3561427952388563,1.162330903960096,1.4245711809554251,0.20000000000000018,,germany,3,1.63614170690956,1.98385731334471,7.773,1.56153639440135,22.5642466339945,1.63614170690956,1.63614170690956,1.98385731334471,1.98385731334471,7.773,7.773,1.56153639440135,1.56153639440135,22.5642466339945,22.5642466339945,3.605833333333333,95.52257916666667,4.327766666666666,4.752433333333333,93.00559333333332,82.258965,-0.7219333333333333,2.516985833333351,19.35,-45.2,25.30333333333333,27.27333333333333,-45.06666666666666,-44.333333333333336,-5.95333333333333,-0.13333333333333997
2001-10-01,,-0.218352176399106,97.97234,,,5.366666666666667,94.88954,-0.345781562837022,-2.43464917831151,,0,0,4,-1.17725202115579,-0.758646066177637,0.58479578460946,1.0363330479737,-0.2413379833263285,-0.0688487972486662,-4.315152614393991,-3.228333618371959,,,5.133333333333333,4.9,,,-0.9679490436667135,0.29599910941012497,-0.07869231368756671,1.0571452990842272,-0.31476925475026685,0.23333333333333428,,japan,2,0.386103426142029,-0.740055504162738,5.02,0.593995454561699,29.7229420266358,0.386103426142029,0.386103426142029,-0.740055504162738,-0.740055504162738,5.02,5.02,0.593995454561699,0.593995454561699,29.7229420266358,29.7229420266358,0.00247,95.52257916666667,0.0093033333333333,0.01873,93.00559333333332,82.258965,-0.006833333333333301,2.516985833333351,,,,,,,,
2001-10-01,14253.574,0.2743986302357726,177.5,5390.533333333334,2.1333333333333333,5.5,88.13586666666667,-0.0750891719156321,-1.0698684899683286,2.2468499177891843,1,0,4,-0.4014439041817752,0.6225609914771724,-0.3283372449143229,0.5952635784890248,0.2818755977023635,0.6987092914091164,-1.4013151336200735,-1.209745261483075,2.2577354189342813,2.590961100731448,4.833333333333333,4.4,3.4966666666666666,4.326666666666667,0.11055854364769857,0.7240808056886648,0.12201085521752475,0.5631272429991844,0.488043420870099,0.666666666666667,-1.3633333333333333,us,0,,,,,,,,,,,,,,,,,,,,,,,,,,,,,,,
2002-01-01,604861.7,-0.4709476221783859,82.53238,,,8.166666666666666,81.37887,0.946442432862149,0.5159833873695341,,0,0,1,-0.2905517421391224,-0.0362535310150846,-0.2052324322290744,2.0838447615707523,-0.0380332796185101,0.152207741744359,-2.2039535965526547,-1.006981148056152,,,8.033333333333333,7.833333333333333,,,-0.1634026365771035,0.17981598952941544,0.3879517640468677,1.1355230351439172,1.5518070561874708,0.13333333333333286,,germany,3,-0.228255715793637,1.42080615551526,8.482,4.04833225388601,22.1015279657997,1.63614170690956,1.63614170690956,1.98385731334471,1.98385731334471,7.773,7.773,1.56153639440135,1.56153639440135,22.5642466339945,22.5642466339945,3.2802,95.11901888888887,3.605833333333333,4.327766666666666,95.52257916666667,93.00559333333332,-0.3256333333333332,-0.40356027777779957,21.133333333333336,-50.2,19.35,25.30333333333333,-45.2,-45.06666666666666,1.783333333333335,-5.0
2002-01-01,,0.253555660695359,97.25969,,,5.266666666666667,95.42103666666668,-0.7300576296386474,0.5585586022722744,,0,0,1,-0.218352176399106,-1.17725202115579,-0.758646066177637,0.58479578460946,-0.345781562837022,-0.2413379833263285,-2.43464917831151,-4.315152614393991,,,5.366666666666667,5.133333333333333,,,-0.697802098777448,0.6780445827061798,-0.3923636197807682,0.7605553052797558,-1.569454479123073,-0.10000000000000053,,japan,2,0.0419624992862282,-0.923494026942321,5.386,1.26376914829906,28.5044109298517,0.386103426142029,0.386103426142029,-0.740055504162738,-0.740055504162738,5.02,5.02,0.593995454561699,0.593995454561699,29.7229420266358,29.7229420266358,0.0013866666666666,95.11901888888887,0.00247,0.0093033333333333,95.52257916666667,93.00559333333332,-0.0010833333333334,-0.40356027777779957,,,,,,,,
2002-01-01,14372.785,0.8328805568895703,178.0666666666667,5482.599999999999,1.7333333333333334,5.7,88.738,0.318740309228005,0.6808644722963386,1.693511230145539,0,0,1,0.2743986302357726,-0.4014439041817752,0.6225609914771724,-0.3283372449143229,-0.0750891719156321,0.2818755977023635,-1.0698684899683286,-1.4013151336200735,2.2468499177891843,2.2577354189342813,5.5,4.833333333333333,2.1333333333333333,3.4966666666666666,-0.06352263697300131,0.4778928391009507,0.041794618154211705,0.4915459254774058,0.16717847261684682,0.20000000000000018,-0.3999999999999999,us,0,,,,,,,,,,,,,,,,,,,,,,,,,,,,,,,
2002-04-01,607367.0,0.4133384347181135,82.71896333333332,,,8.4,82.05541,0.2258177257233207,0.827909376610414,,0,0,2,-0.4709476221783859,-0.2905517421391224,-0.0362535310150846,-0.2052324322290744,0.946442432862149,-0.0380332796185101,0.5159833873695341,-2.2039535965526547,,,8.166666666666666,8.033333333333333,,,-0.38074968215875415,0.1275591500738782,-0.25074633189041684,0.18087910844841637,-1.0029853275616674,0.23333333333333428,,germany,3,-0.228255715793637,1.42080615551526,8.482,4.04833225388601,22.1015279657997,-0.228255715793637,1.63614170690956,1.42080615551526,1.98385731334471,8.482,7.773,4.04833225388601,1.56153639440135,22.1015279657997,22.5642466339945,3.3249,100.40630333333333,3.2802,3.605833333333333,95.11901888888887,95.52257916666667,0.044700000000000184,5.2872844444444524,25.05333333333333,-50.1,21.133333333333336,19.35,-50.2,-45.2,3.9199999999999946,0.10000000000000142
2002-04-01,14460.848,0.6108371693470005,179.46666666666667,5528.900000000001,1.75,5.833333333333333,90.09136666666666,0.7831477654657526,1.513613261740332,0.8409439741345892,0,0,2,0.8328805568895703,0.2743986302357726,-0.4014439041817752,0.6225609914771724,0.318740309228005,-0.0750891719156321,0.6808644722963386,-1.0698684899683286,1.693511230145539,2.2468499177891843,5.7,5.5,1.7333333333333334,2.1333333333333333,0.5536395935626715,0.3949063575070284,0.332099068605185,0.5405444357805596,1.32839627442074,0.13333333333333286,0.016666666666666607,us,0,,,,,,,,,,,,,,,,,,,,,,,,,,,,,,,
2002-04-01,,0.717707235858378,97.70085666666668,,,5.4,98.14937666666668,0.4525709711107772,2.8191505600505096,,0,0,2,0.253555660695359,-0.218352176399106,-1.17725202115579,-0.758646066177637,-0.7300576296386474,-0.345781562837022,0.5585586022722744,-2.43464917831151,,,5.266666666666667,5.366666666666667,,,0.017601742148126598,0.3336892317045738,-0.47517365075929346,0.6245730081550174,-1.9006946030371739,0.13333333333333375,,japan,2,0.0419624992862282,-0.923494026942321,5.386,1.26376914829906,28.5044109298517,0.0419624992862282,0.386103426142029,-0.923494026942321,-0.740055504162738,5.386,5.02,1.26376914829906,0.593995454561699,28.5044109298517,29.7229420266358,0.00142,100.40630333333333,0.0013866666666666,0.00247,95.11901888888887,95.52257916666667,3.3333333333400135e-05,5.2872844444444524,,,,,,,,
2002-07-01,14519.633,0.4056874047378755,180.4333333333333,5633.0,1.74,5.733333333333333,90.6354,0.5371875472413912,0.6020524647806447,1.8653279173587836,0,0,3,0.6108371693470005,0.8328805568895703,0.2743986302357726,-0.4014439041817752,0.7831477654657526,0.318740309228005,1.513613261740332,0.6808644722963386,0.8409439741345892,1.693511230145539,5.833333333333333,5.7,1.75,1.7333333333333334,0.7218588631182854,0.15700838504898368,0.32916811307264204,0.5384723141522064,1.3166724522905682,-0.09999999999999964,-0.010000000000000009,us,0,,,,,,,,,,,,,,,,,,,,,,,,,,,,,,,
2002-07-01,611272.1,0.6408974349842111,82.78115666666666,,,8.733333333333333,82.57088,0.0751580557898812,0.6262325228682641,,0,0,3,0.4133384347181135,-0.4709476221783859,-0.2905517421391224,-0.0362535310150846,0.2258177257233207,0.946442432862149,0.827909376610414,0.5159833873695341,,,8.4,8.166666666666666,,,-0.02880459373013622,0.6252846673402279,-0.09610361515361986,0.3835932474377238,-0.3844144606144794,0.33333333333333215,,germany,3,-0.228255715793637,1.42080615551526,8.482,4.04833225388601,22.1015279657997,-0.228255715793637,-0.228255715793637,1.42080615551526,1.42080615551526,8.482,8.482,4.04833225388601,4.04833225388601,22.1015279657997,22.1015279657997,3.3043333333333336,99.57154833333334,3.3249,3.2802,100.40630333333333,95.11901888888887,-0.0205666666666664,-0.834754999999987,26.93,-48.66666666666666,25.05333333333333,21.133333333333336,-50.1,-50.2,1.8766666666666687,1.4333333333333442
2002-07-01,,0.307706951942865,97.53118333333332,,,5.433333333333334,99.88558666666664,-0.1738171419527034,1.753482775581361,,0,0,3,0.717707235858378,0.253555660695359,-0.218352176399106,-1.17725202115579,0.4525709711107772,-0.7300576296386474,2.8191505600505096,0.5585586022722744,,,5.4,5.266666666666667,,,0.4856314482768686,0.3282047262961889,-0.10608532525028969,0.8099336925110832,-0.42434130100115874,0.033333333333333215,,japan,2,0.0419624992862282,-0.923494026942321,5.386,1.26376914829906,28.5044109298517,0.0419624992862282,0.0419624992862282,-0.923494026942321,-0.923494026942321,5.386,5.386,1.26376914829906,1.26376914829906,28.5044109298517,28.5044109298517,0.0029666666666666,99.57154833333334,0.00142,0.0013866666666666,100.40630333333333,95.11901888888887,0.0015466666666666,-0.834754999999987,,,,,,,,
2002-10-01,609798.4,-0.2413784815086472,82.71896333333333,,,9.1,82.21649,-0.0751580557897924,-0.4301185780888339,,0,0,4,0.6408974349842111,0.4133384347181135,-0.4709476221783859,-0.2905517421391224,0.0751580557898812,0.2258177257233207,0.6262325228682641,0.827909376610414,,,8.733333333333333,8.4,,,0.5271179348511623,0.16090851220818903,0.07318412634620408,0.5373969656544677,0.2927365053848163,0.36666666666666714,,germany,3,-0.228255715793637,1.42080615551526,8.482,4.04833225388601,22.1015279657997,-0.228255715793637,-0.228255715793637,1.42080615551526,1.42080615551526,8.482,8.482,4.04833225388601,4.04833225388601,22.1015279657997,22.1015279657997,3.2330666666666663,99.89371666666666,3.3043333333333336,3.3249,99.57154833333334,100.40630333333333,-0.07126666666666726,0.3221683333333232,26.736666666666665,-50.2,26.93,25.05333333333333,-48.66666666666666,-50.1,-0.19333333333333513,-1.5333333333333456
2002-10-01,14537.58,0.1235287243973815,181.5,5748.099999999999,1.4433333333333334,5.866666666666667,90.63353333333332,0.5894288570083006,-0.0020595549743873,2.022720550847268,0,0,4,0.4056874047378755,0.6108371693470005,0.8328805568895703,0.2743986302357726,0.5371875472413912,0.7831477654657526,0.6020524647806447,1.513613261740332,1.8653279173587836,0.8409439741345892,5.733333333333333,5.833333333333333,1.74,1.75,0.508262287042438,0.1450627897139363,0.5309509403025547,0.24430400740749925,2.123803761210219,0.13333333333333375,-0.29666666666666663,us,0,,,,,,,,,,,,,,,,,,,,,,,,,,,,,,,
2002-10-01,,0.233586183196555,97.42937,,,5.333333333333333,100.3462,-0.1044450693722609,0.4600809426932528,,0,0,4,0.307706951942865,0.717707235858378,0.253555660695359,-0.218352176399106,-0.1738171419527034,0.4525709711107772,1.753482775581361,2.8191505600505096,,,5.433333333333334,5.4,,,0.5127070939006216,0.2899139810450697,0.265154418024374,0.38320052587600956,1.060617672097496,-0.10000000000000053,,japan,2,0.0419624992862282,-0.923494026942321,5.386,1.26376914829906,28.5044109298517,0.0419624992862282,0.0419624992862282,-0.923494026942321,-0.923494026942321,5.386,5.386,1.26376914829906,1.26376914829906,28.5044109298517,28.5044109298517,0.0019366666666666,99.89371666666666,0.0029666666666666,0.00142,99.57154833333334,100.40630333333333,-0.00103,0.3221683333333232,,,,,,,,
2003-01-01,,-0.114995823825426,97.02214333333332,,,5.333333333333333,101.5856,-0.418847099749442,1.2275585754467857,,0,0,1,0.233586183196555,0.307706951942865,0.717707235858378,0.253555660695359,-0.1044450693722609,-0.1738171419527034,0.4600809426932528,1.753482775581361,,,5.333333333333333,5.433333333333334,,,0.2706465675697101,0.05241129820728052,0.37813900792328925,0.22853430484692325,1.512556031693157,0.0,,japan,2,1.53512549946694,-0.256541816316025,5.251,1.60547788550688,28.7158958913962,0.0419624992862282,0.0419624992862282,-0.923494026942321,-0.923494026942321,5.386,5.386,1.26376914829906,1.26376914829906,28.5044109298517,28.5044109298517,0.0016666666666666,99.95756166666666,0.0019366666666666,0.0029666666666666,99.89371666666666,99.57154833333334,-0.00027000000000000006,0.0638450000000006,,,,,,,,
2003-01-01,601380.3,-1.3900897622283637,83.4653,,,9.5,82.63531,0.8982098177540365,0.5081180807303909,,0,0,1,-0.2413784815086472,0.6408974349842111,0.4133384347181135,-0.4709476221783859,-0.0751580557897924,0.0751580557898812,-0.4301185780888339,0.6262325228682641,,,9.1,8.733333333333333,,,0.19975947673778197,0.6238632834296762,0.08547744150382287,0.5267598586108916,0.3419097660152915,0.40000000000000036,,germany,3,-0.529801394291297,1.03422218628562,9.779,3.62114592491108,21.0728443660249,-0.228255715793637,-0.228255715793637,1.42080615551526,1.42080615551526,8.482,8.482,4.04833225388601,4.04833225388601,22.1015279657997,22.1015279657997,2.766433333333333,99.95756166666666,3.2330666666666663,3.3043333333333336,99.89371666666666,99.57154833333334,-0.46663333333333323,0.0638450000000006,31.52,-50.76666666666667,26.736666666666665,26.93,-50.2,-48.66666666666666,4.783333333333335,-0.56666666666667
2003-01-01,14614.141,0.5252600765849991,183.36666666666667,5841.400000000001,1.25,5.866666666666667,91.22833333333334,1.0232137508397798,0.6541251684675231,1.6101128716790924,0,0,1,0.1235287243973815,0.4056874047378755,0.6108371693470005,0.8328805568895703,0.5894288570083006,0.5371875472413912,-0.0020595549743873,0.6020524647806447,2.022720550847268,1.8653279173587836,5.866666666666667,5.733333333333333,1.4433333333333334,1.74,0.26460806456762853,0.1995163162394108,0.49323346384295697,0.3019584332302756,1.9729338553718279,0.0,-0.19333333333333336,us,0,,,,,,,,,,,,,,,,,,,,,,,,,,,,,,,
2003-04-01,14743.567,0.8817230452867975,183.0666666666667,5958.599999999999,1.2466666666666668,6.133333333333333,90.5838,-0.1637405987596096,-0.7090132232326241,1.98650600173913,0,0,2,0.5252600765849991,0.1235287243973815,0.4056874047378755,0.6108371693470005,1.0232137508397798,0.5894288570083006,0.6541251684675231,-0.0020595549743873,1.6101128716790924,2.022720550847268,5.866666666666667,5.866666666666667,1.25,1.4433333333333334,0.3243944004911903,0.2840669633471056,0.41632834376681416,0.21255952290253396,1.6653133750672566,0.2666666666666657,-0.0033333333333331883,us,0,,,,,,,,,,,,,,,,,,,,,,,,,,,,,,,
2003-04-01,,0.82511199024875,97.46331,,,5.433333333333334,101.1146,0.453676525198432,-0.4647265742066864,,0,0,2,-0.114995823825426,0.233586183196555,0.307706951942865,0.717707235858378,-0.418847099749442,-0.1044450693722609,1.2275585754467857,0.4600809426932528,,,5.333333333333333,5.333333333333333,,,0.05929517968556461,0.2464847009648607,0.286001136793093,0.341753901790601,1.144004547172372,0.10000000000000053,,japan,2,1.53512549946694,-0.256541816316025,5.251,1.60547788550688,28.7158958913962,1.53512549946694,0.0419624992862282,-0.256541816316025,-0.923494026942321,5.251,5.386,1.60547788550688,1.26376914829906,28.7158958913962,28.5044109298517,0.001,99.49392,0.0016666666666666,0.0019366666666666,99.95756166666666,99.89371666666666,-0.0006666666666666,-0.4636416666666605,,,,,,,,
2003-04-01,602338.1,0.1591402444526934,83.37200999999999,,,9.733333333333333,81.95876,-0.1118335098101219,-0.8220877097926405,,0,0,2,-1.3900897622283637,-0.2413784815086472,0.6408974349842111,0.4133384347181135,0.8982098177540365,-0.0751580557897924,0.5081180807303909,-0.4301185780888339,,,9.5,9.1,,,-0.8157341218685055,0.8122615362223953,-0.14430809350867158,0.9108442967495707,-0.5772323740346863,0.2333333333333325,,germany,3,-0.529801394291297,1.03422218628562,9.779,3.62114592491108,21.0728443660249,-0.529801394291297,-0.228255715793637,1.03422218628562,1.42080615551526,9.779,8.482,3.62114592491108,4.04833225388601,21.0728443660249,22.1015279657997,2.443633333333333,99.49392,2.766433333333333,3.2330666666666663,99.95756166666666,99.89371666666666,-0.3228,-0.4636416666666605,26.17,-47.13333333333333,31.52,26.736666666666665,-50.76666666666667,-50.2,-5.349999999999998,3.63333333333334
2003-07-01,14988.782,1.6495202585943505,184.4333333333333,6079.133333333334,1.0166666666666666,6.133333333333333,91.18136666666668,0.7437676010247252,0.6575174226204794,2.0026587802854934,0,0,3,0.8817230452867975,0.5252600765849991,0.1235287243973815,0.4056874047378755,-0.1637405987596096,1.0232137508397798,-0.7090132232326241,0.6541251684675231,1.98650600173913,1.6101128716790924,6.133333333333333,5.866666666666667,1.2466666666666668,1.25,0.7034915609358983,0.2520573824109298,0.4840498127517634,0.3140904370071523,1.9361992510070536,0.0,-0.2300000000000002,us,0,,,,,,,,,,,,,,,,,,,,,,,,,,,,,,,
2003-07-01,,0.29014585763838,97.29363,,,5.166666666666667,101.76673333333332,-0.1742480067024487,0.6428739091977498,,0,0,3,0.82511199024875,-0.114995823825426,0.233586183196555,0.307706951942865,0.453676525198432,-0.418847099749442,-0.4647265742066864,1.2275585754467857,,,5.433333333333334,5.333333333333333,,,0.3550580832116621,0.6647566103783122,0.312852325390686,0.3880608196294349,1.251409301562744,-0.2666666666666666,,japan,2,1.53512549946694,-0.256541816316025,5.251,1.60547788550688,28.7158958913962,1.53512549946694,1.53512549946694,-0.256541816316025,-0.256541816316025,5.251,5.251,1.60547788550688,1.60547788550688,28.7158958913962,28.7158958913962,0.0016666666666666,,0.001,0.0016666666666666,99.49392,99.95756166666666,0.0006666666666666,,,,,,,,,
2003-07-01,607643.1,0.87687874695348,83.65188333333333,,,9.8,81.76546,0.3351300100732146,-0.2361288877296807,,0,0,3,0.1591402444526934,-1.3900897622283637,-0.2413784815086472,0.6408974349842111,-0.1118335098101219,0.8982098177540365,-0.8220877097926405,0.5081180807303909,,,9.733333333333333,9.5,,,-0.6154747588878351,1.0954710433418557,-0.2078576410750266,0.8667696853159695,-0.8314305643001064,0.0666666666666682,,germany,3,-0.529801394291297,1.03422218628562,9.779,3.62114592491108,21.0728443660249,-0.529801394291297,-0.529801394291297,1.03422218628562,1.03422218628562,9.779,9.779,3.62114592491108,3.62114592491108,21.0728443660249,21.0728443660249,2.0657666666666668,,2.443633333333333,2.766433333333333,99.49392,99.95756166666666,-0.37786666666666635,,28.45,-46.9,26.17,31.52,-47.13333333333333,-50.76666666666667,2.2799999999999976,0.23333333333333428
2003-10-01,,1.01132732887972,97.12394666666668,,,5.033333333333333,104.70123333333332,-0.174555592480452,2.842763132924997,,0,0,4,0.29014585763838,0.82511199024875,-0.114995823825426,0.233586183196555,-0.1742480067024487,0.453676525198432,0.6428739091977498,-0.4647265742066864,,,5.166666666666667,5.433333333333334,,,0.5576289239435651,0.3782781800739348,0.30846205181456476,0.3882377321504539,1.233848207258259,-0.13333333333333375,,japan,2,1.53512549946694,-0.256541816316025,5.251,1.60547788550688,28.7158958913962,1.53512549946694,1.53512549946694,-0.256541816316025,-0.256541816316025,5.251,5.251,1.60547788550688,1.60547788550688,28.7158958913962,28.7158958913962,0.001,,0.0016666666666666,0.001,,99.49392,-0.0006666666666666,,,,,,,,,
2003-10-01,608453.6,0.1332953407414905,83.68298333333333,,,9.8,83.63402,0.0371709745585313,2.2595470065397194,,0,0,4,0.87687874695348,0.1591402444526934,-1.3900897622283637,-0.2413784815086472,0.3351300100732146,-0.1118335098101219,-0.2361288877296807,-0.8220877097926405,,,9.8,9.733333333333333,,,0.5180094957030867,0.5075177622369837,-0.14886231308270936,0.9480181291560056,-0.5954492523308375,0.0,,germany,3,-0.529801394291297,1.03422218628562,9.779,3.62114592491108,21.0728443660249,-0.529801394291297,-0.529801394291297,1.03422218628562,1.03422218628562,9.779,9.779,3.62114592491108,3.62114592491108,21.0728443660249,21.0728443660249,2.0148333333333333,,2.0657666666666668,2.443633333333333,,99.49392,-0.0509333333333335,,29.39,-46.93333333333334,28.45,26.17,-46.9,-47.13333333333333,0.9400000000000013,-0.033333333333338544
2003-10-01,15162.76,1.1540367047402356,185.13333333333333,6073.066666666667,0.9966666666666668,5.833333333333333,92.03723333333332,0.3788224968635845,0.9342641980834898,-0.0998447551992853,0,0,4,1.6495202585943505,0.8817230452867975,0.5252600765849991,0.1235287243973815,0.7437676010247252,-0.1637405987596096,0.6575174226204794,-0.7090132232326241,2.0026587802854934,1.98650600173913,6.133333333333333,6.133333333333333,1.0166666666666666,1.2466666666666668,1.2656216519405739,0.542914616105905,0.7950080262158821,0.6484234878836591,3.1800321048635283,-0.2999999999999998,-0.019999999999999796,us,0,,,,,,,,,,,,,,,,,,,,,,,,,,,,,,,
2004-01-01,607495.9,-0.1575230218085366,84.27383333333334,,,10.066666666666668,84.08505,0.7035766086535666,0.5378411497947155,,0,0,1,0.1332953407414905,0.87687874695348,0.1591402444526934,-1.3900897622283637,0.0371709745585313,0.3351300100732146,2.2595470065397194,-0.2361288877296807,,,9.8,9.8,,,0.5050870438474853,0.5257928689102886,-0.055193857520174965,0.9543189022450929,-0.22077543008069986,0.2666666666666675,,germany,3,1.16208684507278,1.66573696655991,10.727,4.96393434043889,23.541443180607,-0.529801394291297,-0.529801394291297,1.03422218628562,1.03422218628562,9.779,9.779,3.62114592491108,3.62114592491108,21.0728443660249,21.0728443660249,2.0195333333333334,,2.0148333333333333,2.0657666666666668,,,0.0047000000000001485,,31.923333333333336,-45.53333333333333,29.39,28.45,-46.93333333333334,-46.9,2.533333333333335,1.4000000000000057
2004-01-01,,0.855541118254588,96.8864,,,4.9,106.00546666666666,-0.2448805328735481,1.2379767614195458,,0,0,1,1.01132732887972,0.29014585763838,0.82511199024875,-0.114995823825426,-0.174555592480452,-0.1742480067024487,2.842763132924997,0.6428739091977498,,,5.033333333333333,5.166666666666667,,,0.6507365932590501,0.5099523087808429,0.502897338235356,0.5129582470261487,2.011589352941424,-0.13333333333333286,,japan,2,2.18611569439318,-0.0085733882031027,4.734,1.90817582667502,29.3158843764027,1.53512549946694,1.53512549946694,-0.256541816316025,-0.256541816316025,5.251,5.251,1.60547788550688,1.60547788550688,28.7158958913962,28.7158958913962,0.0006666666666666,,0.001,0.0016666666666666,,,-0.00033333333333340005,,,,,,,,,
2004-01-01,15248.68,0.565052023890189,186.7,6119.433333333333,1.0033333333333332,5.7,92.64823333333334,0.8426764343087534,0.6616679050932106,0.7605805238590335,0,0,1,1.1540367047402356,1.6495202585943505,0.8817230452867975,0.5252600765849991,0.3788224968635845,0.7437676010247252,0.9342641980834898,0.6575174226204794,-0.0998447551992853,2.0026587802854934,5.833333333333333,6.133333333333333,0.9966666666666668,1.0166666666666666,1.401778481667293,0.3503597808966548,1.0526350213015956,0.4739513068386999,4.210540085206382,-0.13333333333333286,0.0066666666666663765,us,0,,,,,,,,,,,,,,,,,,,,,,,,,,,,,,,
2004-04-01,611106.3,0.5925494905344664,84.92687333333333,,,10.3,85.18041,0.771915502596876,1.2942691209031132,,0,0,2,-0.1575230218085366,0.1332953407414905,0.87687874695348,0.1591402444526934,0.7035766086535666,0.0371709745585313,0.5378411497947155,2.2595470065397194,,,10.066666666666668,9.8,,,-0.01211384053352306,0.2056396362526914,0.2529478275847818,0.4400351086776328,1.0117913103391272,0.2333333333333325,,germany,3,1.16208684507278,1.66573696655991,10.727,4.96393434043889,23.541443180607,1.16208684507278,-0.529801394291297,1.66573696655991,1.03422218628562,10.727,9.779,4.96393434043889,3.62114592491108,23.541443180607,21.0728443660249,2.0403,44.14048,2.0195333333333334,2.0148333333333333,,,0.020766666666666378,,35.446666666666665,-47.23333333333333,31.923333333333336,29.39,-45.53333333333333,-46.93333333333334,3.52333333333333,-1.6999999999999957
2004-04-01,,-0.072934419848958,97.15788666666668,,,4.733333333333333,107.56333333333332,0.2798194664454634,1.4589156266105796,,0,0,2,0.855541118254588,1.01132732887972,0.29014585763838,0.82511199024875,-0.2448805328735481,-0.174555592480452,1.2379767614195458,2.842763132924997,,,4.9,5.033333333333333,,,0.9334342235671541,0.11015748594838727,0.7455315737553595,0.3143557838159882,2.982126295021438,-0.16666666666666696,,japan,2,2.18611569439318,-0.0085733882031027,4.734,1.90817582667502,29.3158843764027,2.18611569439318,1.53512549946694,-0.0085733882031027,-0.256541816316025,4.734,5.251,1.90817582667502,1.60547788550688,29.3158843764027,28.7158958913962,0.0006666666666666,44.14048,0.0006666666666666,0.001,,,0.0,,,,,,,,,
2004-04-01,15366.85,0.7719649918941585,188.16666666666663,6251.666666666667,1.01,5.599999999999999,93.1341,0.7825044373929835,0.5230505674585828,2.1378595221056784,0,0,2,0.565052023890189,1.1540367047402356,1.6495202585943505,0.8817230452867975,0.8426764343087534,0.3788224968635845,0.6616679050932106,0.9342641980834898,0.7605805238590335,-0.0998447551992853,5.7,5.833333333333333,1.0033333333333332,0.9966666666666668,0.8595443643152123,0.4164750618440623,1.062583008127893,0.4593860109046306,4.250332032511572,-0.10000000000000142,0.006666666666666821,us,0,,,,,,,,,,,,,,,,,,,,,,,,,,,,,,,
2004-07-01,,0.554178355318014,97.19182,,,4.766666666666667,108.4328,0.0349198712569887,0.8050804886955198,,0,0,3,-0.072934419848958,0.855541118254588,1.01132732887972,0.29014585763838,0.2798194664454634,-0.2448805328735481,1.4589156266105796,1.2379767614195458,,,4.733333333333333,4.9,,,0.3913033492028151,0.6565313491588464,0.5210199712309326,0.5027890139945346,2.0840798849237303,0.033333333333333215,,japan,2,2.18611569439318,-0.0085733882031027,4.734,1.90817582667502,29.3158843764027,2.18611569439318,2.18611569439318,-0.0085733882031027,-0.0085733882031027,4.734,4.734,1.90817582667502,1.90817582667502,29.3158843764027,29.3158843764027,0.0006666666666666,45.18363,0.0006666666666666,0.0006666666666666,44.14048,,0.0,1.0431500000000042,,,,,,,,
2004-07-01,15512.619,0.9441229885171154,189.36666666666667,6320.766666666666,1.4333333333333331,5.433333333333334,93.64643333333332,0.635707597336399,0.5485953049900516,1.09924139526818,0,0,3,0.7719649918941585,0.565052023890189,1.1540367047402356,1.6495202585943505,0.7825044373929835,0.8426764343087534,0.5230505674585828,0.6616679050932106,2.1378595221056784,0.7605805238590335,5.599999999999999,5.7,1.01,1.0033333333333332,0.6685085078921738,0.1463095627910414,1.0351434947797333,0.4767400824608106,4.140573979118933,-0.1666666666666652,0.4233333333333331,us,0,,,,,,,,,,,,,,,,,,,,,,,,,,,,,,,
2004-07-01,609116.9,-0.326071781401005,85.17565,,,10.366666666666667,85.47036,0.2925022382552988,0.3398171353320656,,0,0,3,0.5925494905344664,-0.1575230218085366,0.1332953407414905,0.87687874695348,0.771915502596876,0.7035766086535666,1.2942691209031132,0.5378411497947155,,,10.3,10.066666666666668,,,0.21751323436296488,0.5303813598593675,0.36130013910522507,0.4620466151752162,1.4452005564209003,0.06666666666666643,,germany,3,1.16208684507278,1.66573696655991,10.727,4.96393434043889,23.541443180607,1.16208684507278,1.16208684507278,1.66573696655991,1.66573696655991,10.727,10.727,4.96393434043889,4.96393434043889,23.541443180607,23.541443180607,2.053333333333333,45.18363,2.0403,2.0195333333333334,44.14048,,0.013033333333333008,1.0431500000000042,41.38666666666666,-49.0,35.446666666666665,31.923333333333336,-47.23333333333333,-45.53333333333333,5.939999999999998,-1.7666666666666728
2004-07-01,,2.3632550349,43.17189666666667,,,,,2.4628595368956674,,,0,0,3,,,,,,,,,,,,,,,,,,,,,,india,1,7.92293661199932,3.76725173477515,7.598,-1.78556413335122,33.3325546576999,,,,,,,,,,,,,,,,,,,,,,,,,,
2004-10-01,,-0.381164347216179,97.63298333333334,,,4.533333333333333,106.47646666666668,0.4528828771463544,-1.8206635796452095,,0,0,4,0.554178355318014,-0.072934419848958,0.855541118254588,1.01132732887972,0.0349198712569887,0.2798194664454634,0.8050804886955198,1.4589156266105796,,,4.766666666666667,4.733333333333333,,,0.2406219677345281,0.4434356958892811,0.587028095650841,0.4791515800284123,2.348112382603364,-0.2333333333333334,,japan,2,2.18611569439318,-0.0085733882031027,4.734,1.90817582667502,29.3158843764027,2.18611569439318,2.18611569439318,-0.0085733882031027,-0.0085733882031027,4.734,4.734,1.90817582667502,1.90817582667502,29.3158843764027,29.3158843764027,0.001,73.53953,0.0006666666666666,0.0006666666666666,45.18363,44.14048,0.00033333333333340005,28.3559,,,,,,,,
2004-10-01,15670.88,1.0150391321133156,191.4,6403.5,1.95,5.433333333333334,94.95476666666669,1.0680308123882654,1.387429476252677,1.300420706556693,0,0,4,0.9441229885171154,0.7719649918941585,0.565052023890189,1.1540367047402356,0.635707597336399,0.7825044373929835,0.5485953049900516,0.5230505674585828,1.09924139526818,2.1378595221056784,5.433333333333334,5.599999999999999,1.4333333333333331,1.01,0.8580439902056369,0.12173408684758334,0.8587941772604246,0.250514747510733,3.4351767090416985,0.0,0.5166666666666668,us,0,,,,,,,,,,,,,,,,,,,,,,,,,,,,,,,
2004-10-01,608748.5,-0.0604992984014174,85.36223666666667,,,10.6,85.18041,0.2188214534214694,-0.3398171353320656,,0,0,4,-0.326071781401005,0.5925494905344664,-0.1575230218085366,0.1332953407414905,0.2925022382552988,0.771915502596876,0.3398171353320656,1.2942691209031132,,,10.366666666666667,10.3,,,0.13323885456673068,0.6495633307277832,0.06056250701660379,0.4022219895353054,0.24225002806641516,0.2333333333333325,,germany,3,1.16208684507278,1.66573696655991,10.727,4.96393434043889,23.541443180607,1.16208684507278,1.16208684507278,1.66573696655991,1.66573696655991,10.727,10.727,4.96393434043889,4.96393434043889,23.541443180607,23.541443180607,2.0833,73.53953,2.053333333333333,2.0403,45.18363,44.14048,0.02996666666666714,28.3559,44.16333333333333,-48.6,41.38666666666666,35.446666666666665,-49.0,-47.23333333333333,2.7766666666666637,0.3999999999999986
2004-10-01,,2.1258338957,43.44828666666666,,,,,0.6381675202700166,,,0,0,4,2.3632550349,,,,2.4628595368956674,,,,,,,,,,,,,,,,,india,1,7.92293661199932,3.76725173477515,7.598,-1.78556413335122,33.3325546576999,7.92293661199932,,3.76725173477515,,7.598,,-1.78556413335122,,33.3325546576999,,,,,,,,,,,,,,,,,
2005-01-01,15844.727,1.103255052923657,192.36666666666667,6438.066666666667,2.47,5.3,96.3006,0.5037794029957077,1.4073911455413146,0.5383572121781199,0,0,1,1.0150391321133156,0.9441229885171154,0.7719649918941585,0.565052023890189,1.0680308123882654,0.635707597336399,1.387429476252677,0.5485953049900516,1.300420706556693,1.09924139526818,5.433333333333334,5.433333333333334,1.95,1.4333333333333331,0.9795810603152155,0.05014528603247204,0.8240447841036946,0.20057182482955246,3.2961791364147786,-0.13333333333333375,0.5200000000000002,us,0,,,,,,,,,,,,,,,,,,,,,,,,,,,,,,,
2005-01-01,,1.9375720751,43.55884,,,,,0.254124913818865,,,0,0,1,2.1258338957,2.3632550349,,,0.6381675202700166,2.4628595368956674,,,,,,,,,2.2445444652999997,0.167882097525355,,,,,,india,1,7.92343062148318,4.24634362031922,7.551,-2.79117622520215,34.4180152872324,7.92293661199932,7.92293661199932,3.76725173477515,3.76725173477515,7.598,7.598,-1.78556413335122,-1.78556413335122,33.3325546576999,33.3325546576999,,,,,,,,,,,,,,,,
2005-01-01,,0.619019295748835,96.92033333333332,,,4.533333333333333,108.57776666666666,-0.7326045112876933,1.9542669248250988,,0,0,1,-0.381164347216179,0.554178355318014,-0.072934419848958,0.855541118254588,0.4528828771463544,0.0349198712569887,-1.8206635796452095,0.8050804886955198,,,4.533333333333333,4.766666666666667,,,0.0865070040509176,0.6613871676952799,0.23890517662686625,0.5660880997507582,0.955620706507465,0.0,,japan,2,1.80390087215821,-0.282946068764391,4.446,1.40183686637537,29.5148769788967,2.18611569439318,2.18611569439318,-0.0085733882031027,-0.0085733882031027,4.734,4.734,1.90817582667502,1.90817582667502,29.3158843764027,29.3158843764027,0.0013333333333333,47.03823,0.001,0.0006666666666666,73.53953,45.18363,0.0003333333333332999,-26.5013,,,,,,,,
2005-01-01,609945.8,0.1964890432670785,85.64211,,,10.833333333333334,86.27577,0.3273292038235453,1.2777316073582234,,0,0,1,-0.0604992984014174,-0.326071781401005,0.5925494905344664,-0.1575230218085366,0.2188214534214694,0.2925022382552988,-0.3398171353320656,0.3398171353320656,,,10.6,10.366666666666667,,,-0.1932855399012112,0.18778810362555676,0.012113847230876816,0.40221237826406436,0.048455388923507266,0.23333333333333428,,germany,3,0.885485292551564,1.54691114751328,11.193,4.95319708820102,23.3755952730244,1.16208684507278,1.16208684507278,1.66573696655991,1.66573696655991,10.727,10.727,4.96393434043889,4.96393434043889,23.541443180607,23.541443180607,2.0641000000000003,47.03823,2.0833,2.053333333333333,73.53953,45.18363,-0.019199999999999662,-26.5013,47.696666666666665,-47.333333333333336,44.16333333333333,41.38666666666666,-48.6,-49.0,3.5333333333333385,1.2666666666666657
2005-04-01,,0.961154937808995,97.05607666666668,,,4.433333333333334,108.79513333333334,0.1399586222794901,0.1999943315087904,,0,0,2,0.619019295748835,-0.381164347216179,0.554178355318014,-0.072934419848958,-0.7326045112876933,0.4528828771463544,1.9542669248250988,-1.8206635796452095,,,4.533333333333333,4.533333333333333,,,0.1189274742663281,0.7072366363724264,0.179774721000428,0.4870415539960547,0.719098884001712,-0.09999999999999964,,japan,2,1.80390087215821,-0.282946068764391,4.446,1.40183686637537,29.5148769788967,1.80390087215821,2.18611569439318,-0.282946068764391,-0.0085733882031027,4.446,4.734,1.40183686637537,1.90817582667502,29.5148769788967,29.3158843764027,0.001,75.321815,0.0013333333333333,0.001,47.03823,73.53953,-0.0003333333333332999,28.283585000000002,,,,,,,,
2005-04-01,,2.8910490372,43.807590000000005,,,,,0.5694422266603549,,,0,0,2,1.9375720751,2.1258338957,2.3632550349,,0.254124913818865,0.6381675202700166,,,,,,,,,2.0317029854,0.1331212099847844,,,,,,india,1,7.92343062148318,4.24634362031922,7.551,-2.79117622520215,34.4180152872324,7.92343062148318,7.92293661199932,4.24634362031922,3.76725173477515,7.551,7.598,-2.79117622520215,-1.78556413335122,34.4180152872324,33.3325546576999,,,,,,,,,,,,,,,,
2005-04-01,613408.9,0.5661660106634159,85.98418333333332,,,11.199999999999998,87.1134,0.3986263172850002,0.9661924285667922,,0,0,2,0.1964890432670785,-0.0604992984014174,-0.326071781401005,0.5925494905344664,0.3273292038235453,0.2188214534214694,1.2777316073582234,-0.3398171353320656,,,10.833333333333334,10.6,,,0.06799487243283055,0.18171819907967807,0.10061686349978059,0.39124195485130925,0.40246745399912237,0.3666666666666636,,germany,3,0.885485292551564,1.54691114751328,11.193,4.95319708820102,23.3755952730244,0.885485292551564,1.16208684507278,1.54691114751328,1.66573696655991,11.193,10.727,4.95319708820102,4.96393434043889,23.3755952730244,23.541443180607,2.069333333333333,75.321815,2.0641000000000003,2.0833,47.03823,73.53953,0.005233333333332535,28.283585000000002,51.626666666666665,-43.66666666666666,47.696666666666665,44.16333333333333,-47.333333333333336,-48.6,3.9299999999999997,3.6666666666666785
2005-04-01,15922.782,0.4914150308623632,193.66666666666663,6485.066666666667,2.9433333333333334,5.1000000000000005,96.85623333333332,0.6735195134990768,0.5753199162912281,0.7273809843438173,0,0,2,1.103255052923657,1.0150391321133156,0.9441229885171154,0.7719649918941585,0.5037794029957077,1.0680308123882654,1.4073911455413146,1.387429476252677,0.5383572121781199,1.300420706556693,5.3,5.433333333333334,2.47,1.95,1.0591470925184865,0.06237807581360812,0.9585955413620617,0.14041921758633483,3.834382165448247,-0.1999999999999993,0.47333333333333316,us,0,,,,,,,,,,,,,,,,,,,,,,,,,,,,,,,
2005-07-01,618345.7,0.8015925306068539,86.57503666666668,,,11.166666666666666,88.24098,0.6848149202840048,1.2860762778720058,,0,0,3,0.5661660106634159,0.1964890432670785,-0.0604992984014174,-0.326071781401005,0.3986263172850002,0.3273292038235453,0.9661924285667922,1.2777316073582234,,,11.199999999999998,10.833333333333334,,,0.3813275269652472,0.2614010904944279,0.09402099353201797,0.3802521437978735,0.3760839741280719,-0.03333333333333144,,germany,3,0.885485292551564,1.54691114751328,11.193,4.95319708820102,23.3755952730244,0.885485292551564,0.885485292551564,1.54691114751328,1.54691114751328,11.193,11.193,4.95319708820102,4.95319708820102,23.3755952730244,23.3755952730244,2.0759666666666665,49.1217,2.069333333333333,2.0641000000000003,75.321815,47.03823,0.006633333333333713,-26.200115000000004,61.47,-40.4,51.626666666666665,47.696666666666665,-43.66666666666666,-47.333333333333336,9.843333333333334,3.2666666666666586
2005-07-01,16047.587,0.7807581701131383,196.6,6577.333333333333,3.4599999999999995,4.966666666666667,96.45046666666669,1.5032739529264203,-0.4198170706178672,1.4127296854173466,0,0,3,0.4914150308623632,1.103255052923657,1.0150391321133156,0.9441229885171154,0.6735195134990768,0.5037794029957077,0.5753199162912281,1.4073911455413146,0.7273809843438173,0.5383572121781199,5.1000000000000005,5.3,2.9433333333333334,2.47,0.7973350418930102,0.43263622860086764,0.8884580511041129,0.2725816496880688,3.5538322044164516,-0.13333333333333375,0.5166666666666662,us,0,,,,,,,,,,,,,,,,,,,,,,,,,,,,,,,
2005-07-01,,1.4950313807,44.77495,,,,,2.1841741210508303,,,0,0,3,2.8910490372,1.9375720751,2.1258338957,2.3632550349,0.5694422266603549,0.254124913818865,,,,,,,,,2.4143105561500002,0.6742100256060586,2.329427510725,0.41294232159779326,9.3177100429,,,india,1,7.92343062148318,4.24634362031922,7.551,-2.79117622520215,34.4180152872324,7.92343062148318,7.92343062148318,4.24634362031922,4.24634362031922,7.551,7.551,-2.79117622520215,-2.79117622520215,34.4180152872324,34.4180152872324,,,,,,,,,,,,,,,,
2005-07-01,,0.901158927672996,96.8864,,,4.3,108.43283333333332,-0.1749763258406034,-0.3335669356876458,,0,0,3,0.961154937808995,0.619019295748835,-0.381164347216179,0.554178355318014,0.1399586222794901,-0.7326045112876933,0.1999943315087904,1.9542669248250988,,,4.433333333333334,4.533333333333333,,,0.7900871167789151,0.2419264325863528,0.43829706041491623,0.574742365297207,1.753188241659665,-0.13333333333333375,,japan,2,1.80390087215821,-0.282946068764391,4.446,1.40183686637537,29.5148769788967,1.80390087215821,1.80390087215821,-0.282946068764391,-0.282946068764391,4.446,4.446,1.40183686637537,1.40183686637537,29.5148769788967,29.5148769788967,0.001,49.1217,0.001,0.0013333333333333,75.321815,47.03823,0.0,-26.200115000000004,,,,,,,,
2005-10-01,620556.1,0.356832534331275,86.79271666666666,,,10.866666666666667,89.88402,0.2511194962238505,1.8448691660755576,,0,0,4,0.8015925306068539,0.5661660106634159,0.1964890432670785,-0.0604992984014174,0.6848149202840048,0.3986263172850002,1.2860762778720058,0.9661924285667922,,,11.166666666666666,11.199999999999998,,,0.6838792706351349,0.16647168872315415,0.3759370715339827,0.3829916965906332,1.5037482861359308,-0.29999999999999893,,germany,3,0.885485292551564,1.54691114751328,11.193,4.95319708820102,23.3755952730244,0.885485292551564,0.885485292551564,1.54691114751328,1.54691114751328,11.193,11.193,4.95319708820102,4.95319708820102,23.3755952730244,23.3755952730244,2.1429,75.64713499999999,2.0759666666666665,2.069333333333333,49.1217,75.321815,0.06693333333333351,26.525434999999995,56.88,-35.36666666666667,61.47,51.626666666666665,-40.4,-43.66666666666666,-4.589999999999996,5.033333333333331
2005-10-01,16136.734,0.5539792372076136,198.4333333333333,6664.0,3.98,4.966666666666667,97.34793333333332,0.92819837781688,0.9261924580298064,1.3090510161159583,0,0,4,0.7807581701131383,0.4914150308623632,1.103255052923657,1.0150391321133156,1.5032739529264203,0.6735195134990768,-0.4198170706178672,0.5753199162912281,1.4127296854173466,0.7273809843438173,4.966666666666667,5.1000000000000005,3.4599999999999995,2.9433333333333334,0.6360866004877508,0.2045964958540263,0.8476168465031186,0.2736974792084883,3.3904673860124745,0.0,0.5200000000000005,us,0,,,,,,,,,,,,,,,,,,,,,,,,,,,,,,,
2005-10-01,,2.4970008452,45.63175,,,,,1.8954914913754892,,,0,0,4,1.4950313807,2.8910490372,1.9375720751,2.1258338957,2.1841741210508303,0.5694422266603549,,,,,,,,,2.19304020895,0.9871335515673024,2.112371597175,0.5825757761529146,8.4494863887,,,india,1,7.92343062148318,4.24634362031922,7.551,-2.79117622520215,34.4180152872324,7.92343062148318,7.92343062148318,4.24634362031922,4.24634362031922,7.551,7.551,-2.79117622520215,-2.79117622520215,34.4180152872324,34.4180152872324,,,,,,,,,,,,,,,,
2005-10-01,,0.281281524101962,96.8864,,,4.433333333333334,109.62836666666664,0.0,1.0965227304772007,,0,0,4,0.901158927672996,0.961154937808995,0.619019295748835,-0.381164347216179,-0.1749763258406034,0.1399586222794901,-0.3335669356876458,0.1999943315087904,,,4.3,4.433333333333334,,,0.9311569327409956,0.04242358561130273,0.5250422035036617,0.6222807816566287,2.100168814014647,0.13333333333333375,,japan,2,1.80390087215821,-0.282946068764391,4.446,1.40183686637537,29.5148769788967,1.80390087215821,1.80390087215821,-0.282946068764391,-0.282946068764391,4.446,4.446,1.40183686637537,1.40183686637537,29.5148769788967,29.5148769788967,0.001,75.64713499999999,0.001,0.001,49.1217,75.321815,0.0,26.525434999999995,,,,,,,,
2006-01-01,,0.077676587019404,96.78459,,,4.2,111.07753333333334,-0.1051370774510118,1.3132294997149074,,0,0,1,0.281281524101962,0.901158927672996,0.961154937808995,0.619019295748835,0.0,-0.1749763258406034,1.0965227304772007,-0.3335669356876458,,,4.433333333333334,4.3,,,0.5912202258874791,0.4383195155693887,0.690653671333197,0.3110200619497981,2.762614685332788,-0.2333333333333334,,japan,2,1.3723501275831,0.249355116079085,4.192,1.29837199455426,29.8159321777965,1.80390087215821,1.80390087215821,-0.282946068764391,-0.282946068764391,4.446,4.446,1.40183686637537,1.40183686637537,29.5148769788967,29.5148769788967,0.0013333333333333,92.71939,0.001,0.001,75.64713499999999,49.1217,0.0003333333333332999,17.072255000000013,,,,,,,,
2006-01-01,627629.7,1.1334331358186844,87.10369000000001,,,10.533333333333331,90.39948,0.3576539283153934,0.5718342550523836,,0,0,1,0.356832534331275,0.8015925306068539,0.5661660106634159,0.1964890432670785,0.2511194962238505,0.6848149202840048,1.8448691660755576,1.2860762778720058,,,10.866666666666667,11.166666666666666,,,0.5792125324690645,0.314492809366965,0.4802700297171558,0.2622941940254925,1.9210801188686233,-0.3333333333333357,,germany,3,3.86668241523209,1.57742642840563,10.277,5.17970636968403,25.7235523953492,0.885485292551564,0.885485292551564,1.54691114751328,1.54691114751328,11.193,11.193,4.95319708820102,4.95319708820102,23.3755952730244,23.3755952730244,2.398633333333333,92.71939,2.1429,2.0759666666666665,75.64713499999999,49.1217,0.25573333333333315,17.072255000000013,61.75333333333333,-28.8,56.88,61.47,-35.36666666666667,-40.4,4.873333333333328,6.566666666666666
2006-01-01,16353.835,1.3364138447713003,199.46666666666667,6749.466666666667,4.456666666666667,4.733333333333333,98.30133333333332,0.5193946500923197,0.9746088629808192,1.274358455257918,0,0,1,0.5539792372076136,0.7807581701131383,0.4914150308623632,1.103255052923657,0.92819837781688,1.5032739529264203,0.9261924580298064,-0.4198170706178672,1.3090510161159583,1.4127296854173466,4.966666666666667,4.966666666666667,3.98,3.4599999999999995,0.6673687036603759,0.1603569212877453,0.7323518727766931,0.2767548238522475,2.9294074911067725,-0.2333333333333334,0.476666666666667,us,0,,,,,,,,,,,,,,,,,,,,,,,,,,,,,,,
2006-01-01,,2.4542533093,45.5212,,,,,-0.2425594656055185,,,0,0,1,2.4970008452,1.4950313807,2.8910490372,1.9375720751,1.8954914913754892,2.1841741210508303,,,,,,,,,1.9960161129499998,0.708499402889804,2.20516333455,0.6141391817644513,8.8206533382,,,india,1,8.06073257166651,5.79652337561634,7.553,-3.18859765487213,36.3605321112763,7.92343062148318,7.92343062148318,4.24634362031922,4.24634362031922,7.551,7.551,-2.79117622520215,-2.79117622520215,34.4180152872324,34.4180152872324,,,,,,,,,,,,,,,,
2006-04-01,,1.4005936446,46.41377,,,,,1.9418030937633723,,,0,0,2,2.4542533093,2.4970008452,1.4950313807,2.8910490372,-0.2425594656055185,1.8954914913754892,,,,,,,,,2.4756270772499995,0.03022707251390052,2.3343336431,0.5930715703516843,9.3373345724,,,india,1,8.06073257166651,5.79652337561634,7.553,-3.18859765487213,36.3605321112763,8.06073257166651,7.92343062148318,5.79652337561634,4.24634362031922,7.553,7.551,-3.18859765487213,-2.79117622520215,36.3605321112763,34.4180152872324,,,,,,,,,,,,,,,,
2006-04-01,638387.4,1.6994966223791153,87.57015333333334,,,10.2,92.20361,0.5340976454097479,1.9760768639867976,,0,0,2,1.1334331358186844,0.356832534331275,0.8015925306068539,0.5661660106634159,0.3576539283153934,0.2511194962238505,0.5718342550523836,1.8448691660755576,,,10.533333333333331,10.866666666666667,,,0.7451328350749797,0.5491395515852986,0.7145060528550573,0.3331761643226337,2.858024211420229,-0.33333333333333215,,germany,3,3.86668241523209,1.57742642840563,10.277,5.17970636968403,25.7235523953492,3.86668241523209,0.885485292551564,1.57742642840563,1.54691114751328,10.277,11.193,5.17970636968403,4.95319708820102,25.7235523953492,23.3755952730244,2.6342666666666665,95.81383555555556,2.398633333333333,2.1429,92.71939,75.64713499999999,0.23563333333333336,3.094445555555552,69.53333333333335,-18.83333333333333,61.75333333333333,56.88,-28.8,-35.36666666666667,7.780000000000015,9.966666666666672
2006-04-01,,0.276928667781373,97.22576,,,4.133333333333333,112.92516666666666,0.4547909535864036,1.6496901471119152,,0,0,2,0.077676587019404,0.281281524101962,0.901158927672996,0.961154937808995,-0.1051370774510118,0.0,1.3132294997149074,1.0965227304772007,,,4.2,4.433333333333334,,,0.1794790555606831,0.1439704316941391,0.5553179941508393,0.4425482560733224,2.221271976603357,-0.06666666666666732,,japan,2,1.3723501275831,0.249355116079085,4.192,1.29837199455426,29.8159321777965,1.3723501275831,1.80390087215821,0.249355116079085,-0.282946068764391,4.192,4.446,1.29837199455426,1.40183686637537,29.8159321777965,29.5148769788967,0.0193333333333333,95.81383555555556,0.0013333333333333,0.001,92.71939,75.64713499999999,0.018,3.094445555555552,,,,,,,,
2006-04-01,16396.151,0.2584185748899514,201.26666666666665,6825.333333333333,4.906666666666667,4.633333333333333,98.8828,0.8983590612470671,0.5897719479456498,1.1177690510105975,0,0,2,1.3364138447713003,0.5539792372076136,0.7807581701131383,0.4914150308623632,0.5193946500923197,0.92819837781688,0.9746088629808192,0.9261924580298064,1.274358455257918,1.3090510161159583,4.733333333333333,4.966666666666667,4.456666666666667,3.98,0.9451965409894569,0.5532648168433181,0.7906415707386039,0.3844956172222621,3.1625662829544154,-0.10000000000000053,0.4500000000000002,us,0,,,,,,,,,,,,,,,,,,,,,,,,,,,,,,,
2006-07-01,,3.1010974638,47.56136,,,,,2.442448442520595,,,0,0,3,1.4005936446,2.4542533093,2.4970008452,1.4950313807,1.9418030937633723,-0.2425594656055185,,,,,,,,,1.9274234769499996,0.7450498939721144,1.96171979495,0.594916156029989,7.8468791798,,,india,1,8.06073257166651,5.79652337561634,7.553,-3.18859765487213,36.3605321112763,8.06073257166651,8.06073257166651,5.79652337561634,5.79652337561634,7.553,7.553,-3.18859765487213,-3.18859765487213,36.3605321112763,36.3605321112763,,,,,,,,,,,,,,,,
2006-07-01,643250.4,0.7588763905147289,87.85002999999999,,,9.9,94.07217,0.3190931611458225,2.006296983687328,,0,0,3,1.6994966223791153,1.1334331358186844,0.356832534331275,0.8015925306068539,0.5340976454097479,0.3576539283153934,1.9760768639867976,0.5718342550523836,,,10.2,10.533333333333331,,,1.4164648790988998,0.40026732992898034,0.9978387057839821,0.565718173206756,3.9913548231359286,-0.29999999999999893,,germany,3,3.86668241523209,1.57742642840563,10.277,5.17970636968403,25.7235523953492,3.86668241523209,3.86668241523209,1.57742642840563,1.57742642840563,10.277,10.277,5.17970636968403,5.17970636968403,25.7235523953492,25.7235523953492,2.9410333333333334,97.52488333333334,2.6342666666666665,2.398633333333333,95.81383555555556,92.71939,0.30676666666666685,1.7110477777777788,69.62,-15.2,69.53333333333335,61.75333333333333,-18.83333333333333,-28.8,0.0866666666666589,3.6333333333333293
2006-07-01,16420.738,0.1498436040080264,203.16666666666663,6925.099999999999,5.246666666666667,4.633333333333334,99.2836,0.9395931648588096,0.4045090858147304,1.451131247512727,0,0,3,0.2584185748899514,1.3364138447713003,0.5539792372076136,0.7807581701131383,0.8983590612470671,0.5193946500923197,0.5897719479456498,0.9746088629808192,1.1177690510105975,1.274358455257918,4.633333333333333,4.733333333333333,4.906666666666667,4.456666666666667,0.7974162098306259,0.7622577654201242,0.7323924567455009,0.4559472180743681,2.9295698269820036,8.881784197001252e-16,0.33999999999999986,us,0,,,,,,,,,,,,,,,,,,,,,,,,,,,,,,,
2006-07-01,,-0.013832429254268,97.49724,,,4.1,113.97586666666666,0.2788372980047526,0.9261372631906184,,0,0,3,0.276928667781373,0.077676587019404,0.281281524101962,0.901158927672996,0.4547909535864036,-0.1051370774510118,1.6496901471119152,1.3132294997149074,,,4.133333333333333,4.2,,,0.1773026274003886,0.14089249747231994,0.38426142664393376,0.35744578698980856,1.537045706575735,-0.033333333333333215,,japan,2,1.3723501275831,0.249355116079085,4.192,1.29837199455426,29.8159321777965,1.3723501275831,1.3723501275831,0.249355116079085,0.249355116079085,4.192,4.192,1.29837199455426,1.29837199455426,29.8159321777965,29.8159321777965,0.222,97.52488333333334,0.0193333333333333,0.0013333333333333,95.81383555555556,92.71939,0.20266666666666672,1.7110477777777788,,,,,,,,
2006-10-01,16561.866,0.8557775565416037,202.33333333333331,7039.566666666667,5.246666666666667,4.433333333333334,99.51353333333334,-0.4110157861828334,0.2313246997189821,1.6394122842829262,0,0,4,0.1498436040080264,0.2584185748899514,1.3364138447713003,0.5539792372076136,0.9395931648588096,0.8983590612470671,0.4045090858147304,0.5897719479456498,1.451131247512727,1.1177690510105975,4.633333333333334,4.633333333333333,5.246666666666667,4.906666666666667,0.2041310894489889,0.07677409817774022,0.5746638152192229,0.535778008499339,2.2986552608768918,-0.20000000000000018,0.0,us,0,,,,,,,,,,,,,,,,,,,,,,,,,,,,,,,
2006-10-01,,2.4165368897,48.58145,,,,,2.12211039304262,,,0,0,4,3.1010974638,1.4005936446,2.4542533093,2.4970008452,2.442448442520595,1.9418030937633723,,,,,,,,,2.2508455541999997,1.2024377819899428,2.3632363157249996,0.7064693974439213,9.452945262899998,,,india,1,8.06073257166651,5.79652337561634,7.553,-3.18859765487213,36.3605321112763,8.06073257166651,8.06073257166651,5.79652337561634,5.79652337561634,7.553,7.553,-3.18859765487213,-3.18859765487213,36.3605321112763,36.3605321112763,,,,,,,,,,,,,,,,
2006-10-01,652681.8,1.455564807510079,87.91222333333333,,,9.566666666666666,95.03866,0.0707698436376524,1.0221502542401062,,0,0,4,0.7588763905147289,1.6994966223791153,1.1334331358186844,0.356832534331275,0.3190931611458225,0.5340976454097479,2.006296983687328,1.9760768639867976,,,9.9,10.2,,,1.229186506446922,0.66511894447257,0.9871596707609509,0.5710357298162305,3.9486386830438036,-0.3333333333333339,,germany,3,3.86668241523209,1.57742642840563,10.277,5.17970636968403,25.7235523953492,3.86668241523209,3.86668241523209,1.57742642840563,1.57742642840563,10.277,10.277,5.17970636968403,5.17970636968403,25.7235523953492,25.7235523953492,3.369,98.07003611111112,2.9410333333333334,2.6342666666666665,97.52488333333334,95.81383555555556,0.42796666666666683,0.5451527777777869,59.68,-16.400000000000002,69.62,69.53333333333335,-15.2,-18.83333333333333,-9.940000000000005,-1.2000000000000028
2006-10-01,,1.34414997471786,97.22575666666668,,,4.033333333333333,115.20763333333332,-0.2788407264515236,1.0749277563341764,,0,0,4,-0.013832429254268,0.276928667781373,0.077676587019404,0.281281524101962,0.2788372980047526,0.4547909535864036,0.9261372631906184,1.6496901471119152,,,4.1,4.133333333333333,,,0.13154811926355262,0.20559914341914295,0.15551358741211774,0.1475306382091539,0.622054349648471,-0.06666666666666643,,japan,2,1.3723501275831,0.249355116079085,4.192,1.29837199455426,29.8159321777965,1.3723501275831,1.3723501275831,0.249355116079085,0.249355116079085,4.192,4.192,1.29837199455426,1.29837199455426,29.8159321777965,29.8159321777965,0.2553333333333333,98.07003611111112,0.222,0.0193333333333333,97.52488333333334,95.81383555555556,0.0333333333333333,0.5451527777777869,,,,,,,,
2007-01-01,,2.2285203496,48.70896,,,,,0.2621225936004112,,,0,0,1,2.4165368897,3.1010974638,1.4005936446,2.4542533093,2.12211039304262,2.442448442520595,,,,,,,,,2.75881717675,0.48405742407906494,2.34312032685,0.702525543635497,9.3724813074,,,india,1,7.6608150670107,6.37288135593231,7.562,-4.08686918154154,37.0113890041504,8.06073257166651,8.06073257166651,5.79652337561634,5.79652337561634,7.553,7.553,-3.18859765487213,-3.18859765487213,36.3605321112763,36.3605321112763,,,,,,,,,,,,,,,,
2007-01-01,653474.1,0.1213178453163266,88.65855666666666,,,9.066666666666666,96.61727,0.8453695204288181,1.6473747519076376,,0,0,1,1.455564807510079,0.7588763905147289,1.6994966223791153,1.1334331358186844,0.0707698436376524,0.3190931611458225,1.0221502542401062,2.006296983687328,,,9.566666666666666,9.9,,,1.107220599012404,0.49263310403153293,1.261842739055652,0.40764908739520633,5.047370956222608,-0.5,,germany,3,2.8891174138025,2.2983440070095,8.732,6.3897695714769,27.472723293629,3.86668241523209,3.86668241523209,1.57742642840563,1.57742642840563,10.277,10.277,5.17970636968403,5.17970636968403,25.7235523953492,25.7235523953492,3.6078666666666663,99.47380277777778,3.369,2.9410333333333334,98.07003611111112,97.52488333333334,0.23886666666666612,1.4037666666666553,57.76333333333333,-22.866666666666664,59.68,69.62,-16.400000000000002,-15.2,-1.9166666666666714,-6.4666666666666615
2007-01-01,,0.718730389544309,96.68278333333336,,,4.0,114.88153333333332,-0.5600318092890966,-0.283455516891351,,0,0,1,1.34414997471786,-0.013832429254268,0.276928667781373,0.077676587019404,-0.2788407264515236,0.2788372980047526,1.0749277563341764,0.9261372631906184,,,4.033333333333333,4.1,,,0.6651587727317961,0.9602385665807015,0.42123070006609226,0.6271396492888875,1.684922800264369,-0.033333333333333215,,japan,2,1.48396941157472,0.060039454498669,3.888,1.76167668956688,30.3433799383529,1.3723501275831,1.3723501275831,0.249355116079085,0.249355116079085,4.192,4.192,1.29837199455426,1.29837199455426,29.8159321777965,29.8159321777965,0.3776666666666666,99.47380277777778,0.2553333333333333,0.222,98.07003611111112,97.52488333333334,0.1223333333333333,1.4037666666666553,,,,,,,,
2007-01-01,16611.69,0.3003840617131104,204.317,7137.400000000001,5.256666666666667,4.5,100.52153333333332,0.9756206934616428,1.0078318255620111,1.3801949130916924,0,0,1,0.8557775565416037,0.1498436040080264,0.2584185748899514,1.3364138447713003,-0.4110157861828334,0.9395931648588096,0.2313246997189821,0.4045090858147304,1.6394122842829262,1.451131247512727,4.433333333333334,4.633333333333334,5.246666666666667,5.246666666666667,0.5028105802748151,0.4991706849063149,0.6501133950527205,0.5528715193059764,2.600453580210882,0.06666666666666643,0.009999999999999787,us,0,,,,,,,,,,,,,,,,,,,,,,,,,,,,,,,
2007-04-01,16713.314,0.6098982914680917,206.631,7262.533333333333,5.25,4.5,101.71776666666666,1.1261884506108544,1.183001804599737,1.7380147579119765,0,0,2,0.3003840617131104,0.8557775565416037,0.1498436040080264,0.2584185748899514,0.9756206934616428,-0.4110157861828334,1.0078318255620111,0.2313246997189821,1.3801949130916924,1.6394122842829262,4.5,4.433333333333334,5.256666666666667,5.246666666666667,0.578080809127357,0.39272250642012346,0.391105949288173,0.3162085925711271,1.564423797152692,0.0,-0.006666666666666821,us,0,,,,,,,,,,,,,,,,,,,,,,,,,,,,,,,
2007-04-01,657747.6,0.6518371578877691,89.37379,,,8.6,97.68041,0.8034912696096796,1.094352346542227,,0,0,2,0.1213178453163266,1.455564807510079,0.7588763905147289,1.6994966223791153,0.8453695204288181,0.0707698436376524,1.6473747519076376,1.0221502542401062,,,9.066666666666666,9.566666666666666,,,0.7884413264132029,0.9434550747447533,1.0088139164300625,0.713383254191109,4.03525566572025,-0.4666666666666668,,germany,3,2.8891174138025,2.2983440070095,8.732,6.3897695714769,27.472723293629,2.8891174138025,3.86668241523209,2.2983440070095,1.57742642840563,8.732,10.277,6.3897695714769,5.17970636968403,27.472723293629,25.7235523953492,3.855233333333333,97.5010711111111,3.6078666666666663,3.369,99.47380277777778,98.07003611111112,0.24736666666666673,-1.9727316666666752,68.58333333333333,-25.3,57.76333333333333,59.68,-22.866666666666664,-16.400000000000002,10.82,-2.433333333333337
2007-04-01,,2.1290062698,49.34651,,,,,1.3004047288651677,,,0,0,2,2.2285203496,2.4165368897,3.1010974638,1.4005936446,0.2621225936004112,2.12211039304262,,,,,,,,,2.32252861965,0.1329477704799446,2.286687086925,0.699683307195665,9.1467483477,,,india,1,7.6608150670107,6.37288135593231,7.562,-4.08686918154154,37.0113890041504,7.6608150670107,8.06073257166651,6.37288135593231,5.79652337561634,7.562,7.553,-4.08686918154154,-3.18859765487213,37.0113890041504,36.3605321112763,,,,,,,,,,,,,,,,
2007-04-01,,0.154914748483104,97.15788666666668,,,3.766666666666667,115.64236666666666,0.4902008280459391,0.6600930280417749,,0,0,2,0.718730389544309,1.34414997471786,-0.013832429254268,0.276928667781373,-0.5600318092890966,-0.2788407264515236,-0.283455516891351,1.0749277563341764,,,4.0,4.033333333333333,,,1.0314401821310846,0.4422384297630957,0.5814941506973185,0.5909460103218668,2.325976602789274,-0.23333333333333295,,japan,2,1.48396941157472,0.060039454498669,3.888,1.76167668956688,30.3433799383529,1.48396941157472,1.3723501275831,0.060039454498669,0.249355116079085,3.888,4.192,1.76167668956688,1.29837199455426,30.3433799383529,29.8159321777965,0.514,97.5010711111111,0.3776666666666666,0.2553333333333333,99.47380277777778,98.07003611111112,0.13633333333333342,-1.9727316666666752,,,,,,,,
2007-07-01,661284.2,0.5362430950897945,89.84025666666666,,,8.433333333333334,99.48454,0.5205704895958618,1.8301228035048744,,0,0,3,0.6518371578877691,0.1213178453163266,1.455564807510079,0.7588763905147289,0.8034912696096796,0.8453695204288181,1.094352346542227,1.6473747519076376,,,8.6,9.066666666666666,,,0.38657750160204785,0.37513380346969216,0.7468990503072259,0.5485554422111992,2.9875962012289037,-0.16666666666666607,,germany,3,2.8891174138025,2.2983440070095,8.732,6.3897695714769,27.472723293629,2.8891174138025,2.8891174138025,2.2983440070095,2.2983440070095,8.732,8.732,6.3897695714769,6.3897695714769,27.472723293629,27.472723293629,4.046399999999999,95.31595833333334,3.855233333333333,3.6078666666666663,97.5010711111111,99.47380277777778,0.19116666666666626,-2.1851127777777606,74.95333333333333,-24.6,68.58333333333333,57.76333333333333,-25.3,-22.866666666666664,6.3700000000000045,0.6999999999999993
2007-07-01,16809.587,0.5743731109307149,207.939,7377.533333333333,5.073333333333333,4.666666666666667,101.8732,0.6310173626604687,0.1526918075760441,1.5710634111934851,0,0,3,0.6098982914680917,0.3003840617131104,0.8557775565416037,0.1498436040080264,1.1261884506108544,0.9756206934616428,1.183001804599737,1.0078318255620111,1.7380147579119765,1.3801949130916924,4.5,4.5,5.25,5.256666666666667,0.45514117659060105,0.21885961073347837,0.47897587843270806,0.31588145135364604,1.9159035137308322,0.16666666666666696,-0.17666666666666675,us,0,,,,,,,,,,,,,,,,,,,,,,,,,,,,,,,
2007-07-01,,1.602903419,50.749120000000005,,,,,2.8027233842891963,,,0,0,3,2.1290062698,2.2285203496,2.4165368897,3.1010974638,1.3004047288651677,0.2621225936004112,,,,,,,,,2.1787633097,0.07036708065012605,2.468790243225,0.43807366371610007,9.8751609729,,,india,1,7.6608150670107,6.37288135593231,7.562,-4.08686918154154,37.0113890041504,7.6608150670107,7.6608150670107,6.37288135593231,6.37288135593231,7.562,7.562,-4.08686918154154,-4.08686918154154,37.0113890041504,37.0113890041504,,,,,,,,,,,,,,,,
2007-07-01,,-0.656069872818443,97.3615,,,3.733333333333333,117.56246666666668,0.2093502464592944,1.646744077191542,,0,0,3,0.154914748483104,0.718730389544309,1.34414997471786,-0.013832429254268,0.4902008280459391,-0.5600318092890966,0.6600930280417749,-0.283455516891351,,,3.766666666666667,4.0,,,0.43682256901370664,0.3986778631334189,0.5509906708727513,0.6145837521526196,2.2039626834910053,-0.0333333333333341,,japan,2,1.48396941157472,0.060039454498669,3.888,1.76167668956688,30.3433799383529,1.48396941157472,1.48396941157472,0.060039454498669,0.060039454498669,3.888,3.888,1.76167668956688,1.76167668956688,30.3433799383529,30.3433799383529,0.498,95.31595833333334,0.514,0.3776666666666666,97.5010711111111,99.47380277777778,-0.016000000000000014,-2.1851127777777606,,,,,,,,
2007-10-01,,4.9827726183,51.25916,,,,,1.0000055885144743,,,0,0,4,1.602903419,2.1290062698,2.2285203496,2.4165368897,2.8027233842891963,1.3004047288651677,,,,,,,,,1.8659548443999998,0.3720108934022569,2.094241732025,0.34858132801952635,8.3769669281,,,india,1,7.6608150670107,6.37288135593231,7.562,-4.08686918154154,37.0113890041504,7.6608150670107,7.6608150670107,6.37288135593231,6.37288135593231,7.562,7.562,-4.08686918154154,-4.08686918154154,37.0113890041504,37.0113890041504,,,,,,,,,,,,,,,,
2007-10-01,,0.567638162614736,97.70085666666668,,,3.8333333333333335,118.3233,0.3479472050276655,0.6450884956060499,,0,0,4,-0.656069872818443,0.154914748483104,0.718730389544309,1.34414997471786,0.2093502464592944,0.4902008280459391,1.646744077191542,0.6600930280417749,,,3.733333333333333,3.766666666666667,,,-0.2505775621676694,0.5734527251603284,0.39043130998170755,0.8500965344104556,1.5617252399268302,0.10000000000000053,,japan,2,1.48396941157472,0.060039454498669,3.888,1.76167668956688,30.3433799383529,1.48396941157472,1.48396941157472,0.060039454498669,0.060039454498669,3.888,3.888,1.76167668956688,1.76167668956688,30.3433799383529,30.3433799383529,0.501,98.55960833333334,0.498,0.514,95.31595833333334,97.5010711111111,0.0030000000000000027,3.2436500000000024,,,,,,,,
2007-10-01,16915.191,0.6262715512194816,210.4896666666667,7455.233333333334,4.496666666666667,4.8,102.17546666666668,1.219179498927403,0.2962694073932681,1.0476900564285074,1,0,4,0.5743731109307149,0.6098982914680917,0.3003840617131104,0.8557775565416037,0.6310173626604687,1.1261884506108544,0.1526918075760441,1.183001804599737,1.5710634111934851,1.7380147579119765,4.666666666666667,4.5,5.073333333333333,5.25,0.5921357011994033,0.02512009606085798,0.5851082551633802,0.2273466708693775,2.3404330206535207,0.13333333333333286,-0.5766666666666662,us,0,,,,,,,,,,,,,,,,,,,,,,,,,,,,,,,
2007-10-01,666368.2,0.7658668564499038,90.61769,,,8.200000000000001,100.4188,0.8616280495567175,0.9347185516478618,,0,0,4,0.5362430950897945,0.6518371578877691,0.1213178453163266,1.455564807510079,0.5205704895958618,0.8034912696096796,1.8301228035048744,1.094352346542227,,,8.433333333333334,8.6,,,0.5940401264887818,0.0817373456693494,0.6912407264509923,0.5581458286955581,2.7649629058039693,-0.2333333333333325,,germany,3,2.8891174138025,2.2983440070095,8.732,6.3897695714769,27.472723293629,2.8891174138025,2.8891174138025,2.2983440070095,2.2983440070095,8.732,8.732,6.3897695714769,6.3897695714769,27.472723293629,27.472723293629,3.947533333333334,98.55960833333334,4.046399999999999,3.855233333333333,95.31595833333334,97.5010711111111,-0.09886666666666555,3.2436500000000024,88.56,-23.266666666666666,74.95333333333333,68.58333333333333,-24.6,-25.3,13.60666666666667,1.3333333333333357
2008-01-01,,0.20846826572658,97.63298666666668,,,3.9,118.95823333333334,-0.0694912889369625,0.5351742631194867,,0,0,1,0.567638162614736,-0.656069872818443,0.154914748483104,0.718730389544309,0.3479472050276655,0.2093502464592944,0.6450884956060499,1.646744077191542,,,3.8333333333333335,3.733333333333333,,,-0.04421585510185344,0.8652922500472691,0.1963033569559265,0.6161906312227506,0.785213427823706,0.06666666666666643,,japan,2,-1.22428900061713,1.3800788616492,4.002,0.341610211589549,28.6421074070242,1.48396941157472,1.48396941157472,0.060039454498669,0.060039454498669,3.888,3.888,1.76167668956688,1.76167668956688,30.3433799383529,30.3433799383529,0.5056666666666666,99.50911866666668,0.501,0.498,98.55960833333334,95.31595833333334,0.004666666666666597,0.9495103333333361,,,,,,,,
2008-01-01,670015.9,0.5459072820306332,91.27073666666666,,,7.899999999999999,101.482,0.7180769934010733,1.053200212941885,,0,0,1,0.7658668564499038,0.5362430950897945,0.6518371578877691,0.1213178453163266,0.8616280495567175,0.5205704895958618,0.9347185516478618,1.8301228035048744,,,8.200000000000001,8.433333333333334,,,0.6510549757698492,0.16236851877929379,0.5188162386859485,0.28109146835054716,2.075264954743794,-0.3000000000000025,,germany,3,0.887902330743628,2.62837981637219,7.508,5.78458104183402,26.46361515504,2.8891174138025,2.8891174138025,2.2983440070095,2.2983440070095,8.732,8.732,6.3897695714769,6.3897695714769,27.472723293629,27.472723293629,4.0469,99.50911866666668,3.947533333333334,4.046399999999999,98.55960833333334,95.31595833333334,0.09936666666666616,0.9495103333333361,96.93666666666668,-23.633333333333336,88.56,74.95333333333333,-23.266666666666666,-24.6,8.37666666666668,-0.3666666666666707
2008-01-01,16843.003,-0.4276775590032144,212.76966666666667,7592.933333333333,3.1766666666666663,5.0,101.87406666666668,1.0773640999506284,-0.2954186802341496,1.8301743544430595,1,0,1,0.6262715512194816,0.5743731109307149,0.6098982914680917,0.3003840617131104,1.219179498927403,0.6310173626604687,0.2962694073932681,0.1526918075760441,1.0476900564285074,1.5710634111934851,4.8,4.666666666666667,4.496666666666667,5.073333333333333,0.6003223310750982,0.03669773906119389,0.5277317538328496,0.15310543304105215,2.1109270153313986,0.20000000000000018,-1.3200000000000007,us,0,,,,,,,,,,,,,,,,,,,,,,,,,,,,,,,
2008-01-01,,0.0308536405,51.76920666666666,,,,,0.9901172850838692,,,0,0,1,4.9827726183,1.602903419,2.1290062698,2.2285203496,1.0000055885144743,2.8027233842891963,,,,,,,,,3.29283801865,2.3899284303485766,2.735800664175,1.5229217407502877,10.9432026567,,,india,1,3.08669805921981,8.34926704907581,7.629,-5.17350591894442,36.2540826332604,7.6608150670107,7.6608150670107,6.37288135593231,6.37288135593231,7.562,7.562,-4.08686918154154,-4.08686918154154,37.0113890041504,37.0113890041504,,,,,,,,,,,,,,,,
2008-04-01,667436.9,-0.3856589475928373,91.95488,,,7.533333333333334,100.6765,0.746780417743409,-0.7969036798406215,,0,0,2,0.5459072820306332,0.7658668564499038,0.5362430950897945,0.6518371578877691,0.7180769934010733,0.8616280495567175,1.053200212941885,0.9347185516478618,,,7.899999999999999,8.200000000000001,,,0.6558870692402685,0.15553490665877223,0.6249635978645252,0.1075440145461845,2.4998543914581006,-0.3666666666666645,,germany,3,0.887902330743628,2.62837981637219,7.508,5.78458104183402,26.46361515504,0.887902330743628,2.8891174138025,2.62837981637219,2.2983440070095,7.508,8.732,5.78458104183402,6.3897695714769,26.46361515504,27.472723293629,4.0010666666666665,97.36326388888888,4.0469,3.947533333333334,99.50911866666668,98.55960833333334,-0.04583333333333339,-2.1458547777777994,121.39666666666666,-23.433333333333334,96.93666666666668,88.56,-23.633333333333336,-23.266666666666666,24.45999999999998,0.20000000000000284
2008-04-01,16943.291,0.5936625931315831,215.5376666666667,7729.0,2.0866666666666664,5.333333333333333,100.39313333333332,1.2925478139099944,-1.464359814044247,1.7761497948864502,1,0,2,-0.4276775590032144,0.6262715512194816,0.5743731109307149,0.6098982914680917,1.0773640999506284,1.219179498927403,-0.2954186802341496,0.2962694073932681,1.8301743544430595,1.0476900564285074,5.0,4.8,3.1766666666666663,4.496666666666667,0.09929699610813361,0.7452545628639962,0.34571634865376843,0.5160508282239106,1.3828653946150737,0.33333333333333304,-1.0899999999999999,us,0,,,,,,,,,,,,,,,,,,,,,,,,,,,,,,,
2008-04-01,,-0.479445017662883,98.44744,,,3.966666666666667,117.07653333333332,0.8307387240440889,-1.5944599109916524,,0,0,2,0.20846826572658,0.567638162614736,-0.656069872818443,0.154914748483104,-0.0694912889369625,0.3479472050276655,0.5351742631194867,0.6450884956060499,,,3.9,3.8333333333333335,,,0.3880532141706581,0.2539714696876889,0.06873782600149424,0.516784546948928,0.27495130400597695,0.06666666666666687,,japan,2,-1.22428900061713,1.3800788616492,4.002,0.341610211589549,28.6421074070242,-1.22428900061713,1.48396941157472,1.3800788616492,0.060039454498669,4.002,3.888,0.341610211589549,1.76167668956688,28.6421074070242,30.3433799383529,0.5066666666666667,97.36326388888888,0.5056666666666666,0.501,99.50911866666668,98.55960833333334,0.001000000000000112,-2.1458547777777994,,,,,,,,
2008-04-01,,0.6202449223,53.17182,,,,,2.673305015320615,,,0,0,2,0.0308536405,4.9827726183,1.602903419,2.1290062698,0.9901172850838692,1.0000055885144743,,,,,,,,,2.5068131294000002,3.5015354890887367,2.1863839869,2.066385106702926,8.7455359476,,,india,1,3.08669805921981,8.34926704907581,7.629,-5.17350591894442,36.2540826332604,3.08669805921981,7.6608150670107,8.34926704907581,6.37288135593231,7.629,7.562,-5.17350591894442,-4.08686918154154,36.2540826332604,37.0113890041504,,,,,,,,,,,,,,,,
2008-07-01,16854.295,-0.5266423802783748,218.861,7825.766666666666,1.94,6.0,97.1922,1.5301143524211192,-3.240335049156773,1.244222007291107,1,0,3,0.5936625931315831,-0.4276775590032144,0.6262715512194816,0.5743731109307149,1.2925478139099944,1.0773640999506284,-1.464359814044247,-0.2954186802341496,1.7761497948864502,1.8301743544430595,5.333333333333333,5.0,2.0866666666666664,3.1766666666666663,0.08299251706418434,0.7221965474726152,0.3416574240696413,0.5133370282436728,1.3666296962785651,0.666666666666667,-0.1466666666666665,us,0,,,,,,,,,,,,,,,,,,,,,,,,,,,,,,,
2008-07-01,663826.4,-0.5424184460389725,92.60792666666669,,,7.133333333333333,99.45232,0.707671717651337,-1.2234072721816425,,1,0,3,-0.3856589475928373,0.5459072820306332,0.7658668564499038,0.5362430950897945,0.746780417743409,0.7180769934010733,-0.7969036798406215,1.053200212941885,,,7.533333333333334,7.899999999999999,,,0.08012416721889795,0.6587167980911403,0.36558957149437354,0.511935329291591,1.4623582859774942,-0.40000000000000124,,germany,3,0.887902330743628,2.62837981637219,7.508,5.78458104183402,26.46361515504,0.887902330743628,0.887902330743628,2.62837981637219,2.62837981637219,7.508,7.508,5.78458104183402,5.78458104183402,26.46361515504,26.46361515504,4.254333333333333,97.42151944444446,4.0010666666666665,4.0469,97.36326388888888,99.50911866666668,0.25326666666666675,0.05825555555557571,114.39666666666666,-24.633333333333336,121.39666666666666,96.93666666666668,-23.433333333333334,-23.633333333333336,-7.0,-1.2000000000000028
2008-07-01,,-1.11133625582148,99.46551333333332,,,4.0,112.83413333333333,1.0288182720191053,-3.690895823893925,,1,0,3,-0.479445017662883,0.20846826572658,0.567638162614736,-0.656069872818443,0.8307387240440889,-0.0694912889369625,-1.5944599109916524,0.5351742631194867,,,3.966666666666667,3.9,,,-0.1354883759681514,0.486428147552993,-0.08985211553500251,0.575521124370192,-0.35940846214001004,0.033333333333333215,,japan,2,-1.22428900061713,1.3800788616492,4.002,0.341610211589549,28.6421074070242,-1.22428900061713,-1.22428900061713,1.3800788616492,1.3800788616492,4.002,4.002,0.341610211589549,0.341610211589549,28.6421074070242,28.6421074070242,0.5006666666666667,97.42151944444446,0.5066666666666667,0.5056666666666666,97.36326388888888,99.50911866666668,-0.006000000000000005,0.05825555555557571,,,,,,,,
2008-07-01,,0.5482313526,55.33950000000001,,,,,3.995838250267525,,,0,0,3,0.6202449223,0.0308536405,4.9827726183,1.602903419,2.673305015320615,0.9901172850838692,,,,,,,,,0.32554928139999995,0.41676257213302076,1.8091936500249999,2.2128602451676307,7.2367746000999995,,,india,1,3.08669805921981,8.34926704907581,7.629,-5.17350591894442,36.2540826332604,3.08669805921981,3.08669805921981,8.34926704907581,8.34926704907581,7.629,7.629,-5.17350591894442,-5.17350591894442,36.2540826332604,36.2540826332604,,,,,,,,,,,,,,,,
2008-10-01,653657.8,-1.5436696582060705,92.07926666666668,,,7.033333333333334,92.68686,-0.5724938847755823,-7.045161838170433,,1,0,4,-0.5424184460389725,-0.3856589475928373,0.5459072820306332,0.7658668564499038,0.707671717651337,0.746780417743409,-1.2234072721816425,-0.7969036798406215,,,7.133333333333333,7.533333333333334,,,-0.4640386968159049,0.11084570436666272,0.0959241862121818,0.6559246905050411,0.3836967448487272,-0.09999999999999876,,germany,3,0.887902330743628,2.62837981637219,7.508,5.78458104183402,26.46361515504,0.887902330743628,0.887902330743628,2.62837981637219,2.62837981637219,7.508,7.508,5.78458104183402,5.78458104183402,26.46361515504,26.46361515504,3.152133333333333,95.44307272222224,4.254333333333333,4.0010666666666665,97.42151944444446,97.36326388888888,-1.1022000000000003,-1.9784467222222162,54.66,-26.633333333333336,114.39666666666666,121.39666666666666,-24.633333333333336,-23.433333333333334,-59.736666666666665,-2.0
2008-10-01,,-2.37392777595451,98.71893,,,4.066666666666666,102.43341,-0.7534263057488388,-9.670596484015448,,1,0,4,-1.11133625582148,-0.479445017662883,0.20846826572658,0.567638162614736,1.0288182720191053,0.8307387240440889,-3.690895823893925,-1.5944599109916524,,,4.0,3.966666666666667,,,-0.7953906367421815,0.4468145794743085,-0.2036687112857618,0.7449125505967212,-0.8146748451430472,0.06666666666666643,,japan,2,-1.22428900061713,1.3800788616492,4.002,0.341610211589549,28.6421074070242,-1.22428900061713,-1.22428900061713,1.3800788616492,1.3800788616492,4.002,4.002,0.341610211589549,0.341610211589549,28.6421074070242,28.6421074070242,0.333,95.44307272222224,0.5006666666666667,0.5066666666666667,97.42151944444446,97.36326388888888,-0.16766666666666669,-1.9784467222222162,,,,,,,,
2008-10-01,,0.8629859628,56.48709,,,,,2.0525177206137,,,0,0,4,0.5482313526,0.6202449223,0.0308536405,4.9827726183,3.995838250267525,2.673305015320615,,,,,,,,,0.58423813745,0.05092128347238835,1.545525633425,2.3064863868468795,6.1821025337,,,india,1,3.08669805921981,8.34926704907581,7.629,-5.17350591894442,36.2540826332604,3.08669805921981,3.08669805921981,8.34926704907581,8.34926704907581,7.629,7.629,-5.17350591894442,-5.17350591894442,36.2540826332604,36.2540826332604,,,,,,,,,,,,,,,,
2008-10-01,16485.35,-2.213341273948544,213.84866666666667,8069.033333333333,0.5066666666666667,6.866666666666667,93.0097,-2.3168225357181,-4.398667254331112,3.0611981696667456,1,0,4,-0.5266423802783748,0.5936625931315831,-0.4276775590032144,0.6262715512194816,1.5301143524211192,1.2925478139099944,-3.240335049156773,-1.464359814044247,1.244222007291107,1.7761497948864502,6.0,5.333333333333333,1.94,2.0866666666666664,0.033510106426604125,0.7921752436951959,0.06640355126736888,0.629092970089244,0.26561420506947553,0.8666666666666671,-1.4333333333333331,us,0,,,,,,,,,,,,,,,,,,,,,,,,,,,,,,,
2009-01-01,,-1.797233671,56.6146,,,,,0.2254786007571674,,,0,0,1,0.8629859628,0.5482313526,0.6202449223,0.0308536405,2.0525177206137,3.995838250267525,,,,,,,,,0.7056086577,0.22256511928216305,0.5155789695499999,0.3500816111354383,2.0623158781999997,,,india,1,7.86188883286074,10.8823529411764,7.636,-5.471830894171,35.6174348132095,3.08669805921981,3.08669805921981,8.34926704907581,8.34926704907581,7.629,7.629,-5.17350591894442,-5.17350591894442,36.2540826332604,36.2540826332604,,,,,,,,,,,,,,,,
2009-01-01,,-4.43524113375537,97.53118333333332,,,4.566666666666666,82.31622,-1.2104565433300962,-21.86447568181613,,1,0,1,-2.37392777595451,-1.11133625582148,-0.479445017662883,0.20846826572658,-0.7534263057488388,1.0288182720191053,-9.670596484015448,-3.690895823893925,,,4.066666666666666,4.0,,,-1.7426320158879949,0.8927870257546976,-0.9390601959280733,1.0979665592088188,-3.7562407837122933,0.5,,japan,2,-5.69323635892741,-1.35283672951719,5.068,0.448964962104375,25.3311155031213,-1.22428900061713,-1.22428900061713,1.3800788616492,1.3800788616492,4.002,4.002,0.341610211589549,0.341610211589549,28.6421074070242,28.6421074070242,0.1103333333333333,95.147306015873,0.333,0.5006666666666667,95.44307272222224,97.42151944444446,-0.22266666666666673,-0.29576670634924085,,,,,,,,
2009-01-01,622914.0,-4.817550540306392,92.01707333333331,,,7.2,81.0567,-0.0675660751315199,-13.407780516514478,,1,0,1,-1.5436696582060705,-0.5424184460389725,-0.3856589475928373,0.5459072820306332,-0.5724938847755823,0.707671717651337,-7.045161838170433,-1.2234072721816425,,,7.033333333333334,7.133333333333333,,,-1.0430440521225215,0.7079915217946053,-0.4814599424518118,0.8556998430055288,-1.9258397698072471,0.16666666666666607,,germany,3,-5.54455451920674,0.312739007368446,7.88,4.76990501088626,23.7954491975278,0.887902330743628,0.887902330743628,2.62837981637219,2.62837981637219,7.508,7.508,5.78458104183402,5.78458104183402,26.46361515504,26.46361515504,1.3771000000000002,95.147306015873,3.152133333333333,4.254333333333333,95.44307272222224,97.42151944444446,-1.7750333333333328,-0.29576670634924085,44.43333333333334,-29.4,54.66,114.39666666666666,-26.633333333333336,-24.633333333333336,-10.22666666666666,-2.766666666666662
2009-01-01,16298.262,-1.1413631359902254,212.37766666666667,8326.466666666667,0.1833333333333333,8.266666666666667,87.75126666666667,-0.6902463434634853,-5.819749159998544,3.140550663117025,1,0,1,-2.213341273948544,-0.5266423802783748,0.5936625931315831,-0.4276775590032144,-2.3168225357181,1.5301143524211192,-4.398667254331112,-3.240335049156773,3.0611981696667456,1.244222007291107,6.866666666666667,6.0,0.5066666666666667,1.94,-1.3699918271134595,1.1926762255340235,-0.6434996550246376,1.1626418102122411,-2.5739986200985503,1.4000000000000004,-0.3233333333333334,us,0,,,,,,,,,,,,,,,,,,,,,,,,,,,,,,,
2009-04-01,,1.11900840154062,97.53118,,,5.1000000000000005,86.38755333333334,-3.417710381370398e-06,4.827543468642492,,1,0,2,-4.43524113375537,-2.37392777595451,-1.11133625582148,-0.479445017662883,-1.2104565433300962,-0.7534263057488388,-21.86447568181613,-9.670596484015448,,,4.566666666666666,4.066666666666666,,,-3.40458445485494,1.4575686534514012,-2.0999875457985606,1.7447102938532772,-8.399950183194242,0.5333333333333341,,japan,2,-5.69323635892741,-1.35283672951719,5.068,0.448964962104375,25.3311155031213,-5.69323635892741,-1.22428900061713,-1.35283672951719,1.3800788616492,5.068,4.002,0.448964962104375,0.341610211589549,25.3311155031213,28.6421074070242,0.1033333333333333,95.14728577777775,0.1103333333333333,0.333,95.147306015873,95.44307272222224,-0.006999999999999992,-2.02380952458725e-05,,,,,,,,
2009-04-01,,5.4508201895,57.88970333333333,,,,,2.2272630940412874,,,0,0,2,-1.797233671,0.8629859628,0.5482313526,0.6202449223,0.2254786007571674,2.0525177206137,,,,,,,,,-0.4671238541000001,1.881059342505577,0.058557141674999924,1.24449980104645,0.2342285666999997,,,india,1,7.86188883286074,10.8823529411764,7.636,-5.471830894171,35.6174348132095,7.86188883286074,3.08669805921981,10.8823529411764,8.34926704907581,7.636,7.629,-5.471830894171,-5.17350591894442,35.6174348132095,36.2540826332604,,,,,,,,,,,,,,,,
2009-04-01,624461.3,0.2480890544509506,92.20366,,,7.466666666666666,80.50902,0.2025686545634286,-0.6779681949851124,,1,0,2,-4.817550540306392,-1.5436696582060705,-0.5424184460389725,-0.3856589475928373,-0.0675660751315199,-0.5724938847755823,-13.407780516514478,-7.045161838170433,,,7.2,7.033333333333334,,,-3.1806100992562314,2.3149833725301336,-1.8223243980360682,2.061649418129744,-7.289297592144273,0.2666666666666657,,germany,3,-5.54455451920674,0.312739007368446,7.88,4.76990501088626,23.7954491975278,-5.54455451920674,0.887902330743628,0.312739007368446,2.62837981637219,7.88,7.508,4.76990501088626,5.78458104183402,23.7954491975278,26.46361515504,0.774,95.14728577777775,1.3771000000000002,3.152133333333333,95.147306015873,95.44307272222224,-0.6031000000000002,-2.02380952458725e-05,58.696666666666665,-30.03333333333333,44.43333333333334,54.66,-29.4,-26.633333333333336,14.263333333333328,-0.6333333333333329
2009-04-01,16269.145,-0.178810721762801,213.507,8435.333333333334,0.18,9.3,85.24893333333334,0.5303482697453177,-2.893069332317655,1.2990036573478747,1,0,2,-1.1413631359902254,-2.213341273948544,-0.5266423802783748,0.5936625931315831,-0.6902463434634853,-2.3168225357181,-5.819749159998544,-4.398667254331112,3.140550663117025,3.0611981696667456,8.266666666666667,6.866666666666667,0.1833333333333333,0.5066666666666667,-1.6773522049693848,0.7580030106340542,-0.8219210492713903,1.173195071788868,-3.2876841970855613,1.0333333333333332,-0.0033333333333332993,us,0,,,,,,,,,,,,,,,,,,,,,,,,,,,,,,,
2009-07-01,628440.2,0.635151825792768,92.39024333333332,,,7.533333333333334,83.44072,0.2021555354822624,3.576721177336406,,0,0,3,0.2480890544509506,-4.817550540306392,-1.5436696582060705,-0.5424184460389725,0.2025686545634286,-0.0675660751315199,-0.6779681949851124,-13.407780516514478,,,7.466666666666666,7.2,,,-2.284730742927721,3.581948108499992,-1.6638873975251212,2.2266110336145735,-6.655549590100485,0.0666666666666682,,germany,3,-5.54455451920674,0.312739007368446,7.88,4.76990501088626,23.7954491975278,-5.54455451920674,-5.54455451920674,0.312739007368446,0.312739007368446,7.88,7.88,4.76990501088626,4.76990501088626,23.7954491975278,23.7954491975278,0.3561,95.82391144444443,0.774,1.3771000000000002,95.14728577777775,95.147306015873,-0.4179,0.6766256666666806,68.2,-28.5,58.696666666666665,44.43333333333334,-30.03333333333333,-29.4,9.503333333333337,1.5333333333333314
2009-07-01,,-0.649385176626149,97.22576,,,5.433333333333334,91.21157333333332,-0.3136424821339467,5.433818282329117,,0,0,3,1.11900840154062,-4.43524113375537,-2.37392777595451,-1.11133625582148,-3.417710381370398e-06,-1.2104565433300962,4.827543468642492,-21.86447568181613,,,5.1000000000000005,4.566666666666666,,,-1.6581163661073752,3.927447510810025,-1.700374190997685,2.3258729915583394,-6.80149676399074,0.33333333333333304,,japan,2,-5.69323635892741,-1.35283672951719,5.068,0.448964962104375,25.3311155031213,-5.69323635892741,-5.69323635892741,-1.35283672951719,-1.35283672951719,5.068,5.068,0.448964962104375,0.448964962104375,25.3311155031213,25.3311155031213,0.1033333333333333,95.82391144444443,0.1033333333333333,0.1103333333333333,95.14728577777775,95.147306015873,0.0,0.6766256666666806,,,,,,,,
2009-07-01,,2.5200573975,61.84252666666666,,,,,6.605172815693194,,,0,0,3,5.4508201895,-1.797233671,0.8629859628,0.5482313526,2.2272630940412874,0.2254786007571674,,,,,,,,,1.8267932592499998,5.125148035164885,1.266200958475,3.0317064790547907,5.0648038339,,,india,1,7.86188883286074,10.8823529411764,7.636,-5.471830894171,35.6174348132095,7.86188883286074,7.86188883286074,10.8823529411764,10.8823529411764,7.636,7.636,-5.471830894171,-5.471830894171,35.6174348132095,35.6174348132095,,,,,,,,,,,,,,,,
2009-07-01,16326.281,0.3505771547139602,215.344,8465.4,0.1566666666666666,9.633333333333333,86.58386666666667,0.8567130474912865,1.55378971948803,0.3558034766067308,0,0,3,-0.178810721762801,-1.1413631359902254,-2.213341273948544,-0.5266423802783748,0.5303482697453177,-0.6902463434634853,-2.893069332317655,-5.819749159998544,1.2990036573478747,3.140550663117025,9.3,8.266666666666667,0.18,0.1833333333333333,-0.6600869288765132,0.6806273393476936,-1.0150393779949862,0.8925049240877083,-4.060157511979945,0.33333333333333215,-0.0233333333333334,us,0,,,,,,,,,,,,,,,,,,,,,,,,,,,,,,,
2009-10-01,,1.60548782775791,96.71672,,,5.2,97.64359666666668,-0.5249403523508889,6.814229122862425,,0,0,4,-0.649385176626149,1.11900840154062,-4.43524113375537,-2.37392777595451,-0.3136424821339467,-3.417710381370398e-06,5.433818282329117,4.827543468642492,,,5.433333333333334,5.1000000000000005,,,0.23481161245723553,1.2504430909284638,-1.5848864211988523,2.375802884496256,-6.339545684795409,-0.2333333333333334,,japan,2,-5.69323635892741,-1.35283672951719,5.068,0.448964962104375,25.3311155031213,-5.69323635892741,-5.69323635892741,-1.35283672951719,-1.35283672951719,5.068,5.068,0.448964962104375,0.448964962104375,25.3311155031213,25.3311155031213,0.104,98.21397126984128,0.1033333333333333,0.1033333333333333,95.82391144444443,95.14728577777775,0.0006666666666666904,2.390059825396847,,,,,,,,
2009-10-01,633229.6,0.759219727007121,92.45243333333332,,,7.266666666666667,84.82603,0.0672896578518766,1.6466013632972398,,0,0,4,0.635151825792768,0.2480890544509506,-4.817550540306392,-1.5436696582060705,0.2021555354822624,0.2025686545634286,3.576721177336406,-0.6779681949851124,,,7.533333333333334,7.466666666666666,,,0.4416204401218593,0.27369471036065707,-1.369494829567186,2.486939946331213,-5.477979318268744,-0.2666666666666675,,germany,3,-5.54455451920674,0.312739007368446,7.88,4.76990501088626,23.7954491975278,-5.54455451920674,-5.54455451920674,0.312739007368446,0.312739007368446,7.88,7.88,4.76990501088626,4.76990501088626,23.7954491975278,23.7954491975278,0.3585666666666667,98.21397126984128,0.3561,0.774,95.82391144444443,95.14728577777775,0.0024666666666666726,2.390059825396847,74.63,-26.766666666666666,68.2,58.696666666666665,-28.5,-30.03333333333333,6.429999999999993,1.7333333333333343
2009-10-01,16502.754,1.0751135379244658,217.03,8505.9,0.12,9.933333333333334,88.01443333333333,0.7798843341534578,1.638731511944247,0.4772772490063914,0,0,4,0.3505771547139602,-0.178810721762801,-1.1413631359902254,-2.213341273948544,0.8567130474912865,0.5303482697453177,1.55378971948803,-2.893069332317655,0.3558034766067308,1.2990036573478747,9.633333333333333,9.3,0.1566666666666666,0.18,0.08588321647557962,0.3743337573346637,-0.7957344942469026,1.1289661166230487,-3.1829379769876103,0.3000000000000007,-0.0366666666666666,us,0,,,,,,,,,,,,,,,,,,,,,,,,,,,,,,,
2009-10-01,,2.2037463087,64.0102,,,,,3.4451184087826547,,,0,0,4,2.5200573975,5.4508201895,-1.797233671,0.8629859628,6.605172815693194,2.2272630940412874,,,,,,,,,3.9854387935,2.072362244272417,1.7591574696999999,3.036356569548228,7.0366298787999995,,,india,1,7.86188883286074,10.8823529411764,7.636,-5.471830894171,35.6174348132095,7.86188883286074,7.86188883286074,10.8823529411764,10.8823529411764,7.636,7.636,-5.471830894171,-5.471830894171,35.6174348132095,35.6174348132095,,,,,,,,,,,,,,,,
2010-01-01,637797.9,0.7188388404555823,92.76341333333332,,,7.0,86.50129,0.3358031160118457,1.9556873878231684,,0,0,1,0.759219727007121,0.635151825792768,0.2480890544509506,-4.817550540306392,0.0672896578518766,0.2021555354822624,1.6466013632972398,3.576721177336406,,,7.266666666666667,7.533333333333334,,,0.6971857763999445,0.08772925427625167,-0.7937724832638882,2.6913363968037487,-3.1750899330555526,-0.2666666666666666,,germany,3,4.13463778522758,1.1038103778926,7.043,5.10545796593838,25.2468823707204,-5.54455451920674,-5.54455451920674,0.312739007368446,0.312739007368446,7.88,7.88,4.76990501088626,4.76990501088626,23.7954491975278,23.7954491975278,0.3441,99.30667706349205,0.3585666666666667,0.3561,98.21397126984128,95.82391144444443,-0.014466666666666683,1.0927057936507651,76.25,-26.066666666666663,74.63,68.2,-26.766666666666666,-28.5,1.6200000000000045,0.7000000000000028
2010-01-01,,2.5771454295,65.28530333333333,,,,,1.9724501482834889,,,0,0,1,2.2037463087,2.5200573975,5.4508201895,-1.797233671,3.4451184087826547,6.605172815693194,,,,,,,,,2.3619018531,0.22366571585497766,2.0943475561750002,2.9778913088523744,8.377390224700001,,,india,1,8.49758470221235,11.9893899204244,7.631,-4.45333999982715,36.3058750410672,7.86188883286074,7.86188883286074,10.8823529411764,10.8823529411764,7.636,7.636,-5.471830894171,-5.471830894171,35.6174348132095,35.6174348132095,,,,,,,,,,,,,,,,
2010-01-01,,1.23981873188119,96.68278333333332,,,5.033333333333333,101.407,-0.0350948853850674,3.781804146244294,,0,0,1,1.60548782775791,-0.649385176626149,1.11900840154062,-4.43524113375537,-0.5249403523508889,-0.3136424821339467,6.814229122862425,5.433818282329117,,,5.2,5.433333333333334,,,0.47805132556588054,1.5944359921144506,-0.5900325202707472,2.740455101503307,-2.3601300810829886,-0.16666666666666696,,japan,2,4.09791791943181,-0.728243207517779,5.102,1.33853420544671,26.3773425046421,-5.69323635892741,-5.69323635892741,-1.35283672951719,-1.35283672951719,5.068,5.068,0.448964962104375,0.448964962104375,25.3311155031213,25.3311155031213,0.098,99.30667706349205,0.104,0.1033333333333333,98.21397126984128,95.82391144444443,-0.0059999999999999915,1.0927057936507651,,,,,,,,
2010-01-01,16582.71,0.483331022067901,217.374,8505.166666666666,0.1333333333333333,9.833333333333334,89.7711,0.1583779485945236,1.9762281049632515,-0.0086218383380298,0,0,1,1.0751135379244658,0.3505771547139602,-0.178810721762801,-1.1413631359902254,0.7798843341534578,0.8567130474912865,1.638731511944247,1.55378971948803,0.4772772490063914,0.3558034766067308,9.933333333333334,9.633333333333333,0.12,0.1566666666666666,0.712845346319213,0.5123245897845237,0.02637920872134991,0.9328581693983131,0.10551683488539965,-0.09999999999999964,0.013333333333333308,us,0,,,,,,,,,,,,,,,,,,,,,,,,,,,,,,,
2010-04-01,,1.37862924994798,96.75065666666666,,,5.133333333333333,102.4676,0.070177458581,1.0404528743172214,,0,0,2,1.23981873188119,1.60548782775791,-0.649385176626149,1.11900840154062,-0.0350948853850674,-0.5249403523508889,3.781804146244294,6.814229122862425,,,5.033333333333333,5.2,,,1.4226532798195501,0.2585670973647714,0.8287324461383928,1.0068817696585943,3.3149297845535712,0.09999999999999964,,japan,2,4.09791791943181,-0.728243207517779,5.102,1.33853420544671,26.3773425046421,4.09791791943181,-5.69323635892741,-0.728243207517779,-1.35283672951719,5.102,5.068,1.33853420544671,0.448964962104375,26.3773425046421,25.3311155031213,0.093,100.5560786111111,0.098,0.104,99.30667706349205,98.21397126984128,-0.0050000000000000044,1.2494015476190583,,,,,,,,
2010-04-01,651576.6,2.137350247850911,93.22986666666668,,,6.7,90.91495,0.5015818972270658,4.976512698552504,,0,0,2,0.7188388404555823,0.759219727007121,0.635151825792768,0.2480890544509506,0.3358031160118457,0.0672896578518766,1.9556873878231684,1.6466013632972398,,,7.0,7.266666666666667,,,0.7390292837313517,0.02855359871091744,0.5903248619266055,0.233934551200321,2.361299447706422,-0.2999999999999998,,germany,3,4.13463778522758,1.1038103778926,7.043,5.10545796593838,25.2468823707204,4.13463778522758,-5.54455451920674,1.1038103778926,0.312739007368446,7.043,7.88,5.10545796593838,4.76990501088626,25.2468823707204,23.7954491975278,0.3505,100.5560786111111,0.3441,0.3585666666666667,99.30667706349205,98.21397126984128,0.006399999999999961,1.2494015476190583,78.51,-21.866666666666664,76.25,74.63,-26.066666666666663,-26.766666666666666,2.260000000000005,4.199999999999999
2010-04-01,,2.5429073526,65.79534666666667,,,,,0.7782169335309064,,,0,0,2,2.5771454295,2.2037463087,2.5200573975,5.4508201895,1.9724501482834889,3.4451184087826547,,,,,,,,,2.3904458690999997,0.2640330504067725,3.1879423313000004,1.5174980672232605,12.751769325200002,,,india,1,8.49758470221235,11.9893899204244,7.631,-4.45333999982715,36.3058750410672,8.49758470221235,7.86188883286074,11.9893899204244,10.8823529411764,7.631,7.636,-4.45333999982715,-5.471830894171,36.3058750410672,35.6174348132095,,,,,,,,,,,,,,,,
2010-04-01,16743.162,0.9629349822608546,217.2973333333333,8599.1,0.1933333333333333,9.633333333333333,91.47163333333332,-0.0352756952586297,1.876580877061862,1.0983724648642834,0,0,2,0.483331022067901,1.0751135379244658,0.3505771547139602,-0.178810721762801,0.1583779485945236,0.7798843341534578,1.9762281049632515,1.638731511944247,-0.0086218383380298,0.4772772490063914,9.833333333333334,9.933333333333334,0.1333333333333333,0.12,0.7792222799961834,0.4184534299498128,0.4325527482358815,0.5150883716802642,1.730210992943526,-0.20000000000000107,0.06,us,0,,,,,,,,,,,,,,,,,,,,,,,,,,,,,,,
2010-07-01,16872.266,0.7681272705003295,217.9343333333333,8684.133333333333,0.1866666666666666,9.466666666666669,92.65876666666666,0.2927178804412733,1.2894663588866706,0.9840059185389548,0,0,3,0.9629349822608546,0.483331022067901,1.0751135379244658,0.3505771547139602,-0.0352756952586297,0.1583779485945236,1.876580877061862,1.9762281049632515,1.0983724648642834,-0.0086218383380298,9.633333333333333,9.833333333333334,0.1933333333333333,0.1333333333333333,0.7231330021643778,0.33913121253636075,0.7179891742417954,0.35477330812649516,2.8719566969671817,-0.1666666666666643,-0.00666666666666671,us,0,,,,,,,,,,,,,,,,,,,,,,,,,,,,,,,
2010-07-01,657913.3,0.9678195245045984,93.41645,,,6.433333333333334,92.3969,0.1999325770987603,1.616897419432739,,0,0,3,2.137350247850911,0.7188388404555823,0.759219727007121,0.635151825792768,0.5015818972270658,0.3358031160118457,4.976512698552504,1.9556873878231684,,,6.7,7.0,,,1.4280945441532467,1.0030390353597103,1.0626401602765956,0.7183340344829972,4.250560641106382,-0.2666666666666666,,germany,3,4.13463778522758,1.1038103778926,7.043,5.10545796593838,25.2468823707204,4.13463778522758,4.13463778522758,1.1038103778926,1.1038103778926,7.043,7.043,5.10545796593838,5.10545796593838,25.2468823707204,25.2468823707204,0.4534333333333333,101.18613333333332,0.3505,0.3441,100.5560786111111,99.30667706349205,0.10293333333333332,0.6300547222222121,76.82000000000001,-18.2,78.51,76.25,-21.866666666666664,-26.066666666666663,-1.6899999999999977,3.6666666666666643
2010-07-01,,2.3716054478,68.21804,,,,,3.615992952125602,,,0,0,3,2.5429073526,2.5771454295,2.2037463087,2.5200573975,0.7782169335309064,1.9724501482834889,,,,,,,,,2.56002639105,0.024209976350742977,2.460964122075,0.173075906220104,9.8438564883,,,india,1,8.49758470221235,11.9893899204244,7.631,-4.45333999982715,36.3058750410672,8.49758470221235,8.49758470221235,11.9893899204244,11.9893899204244,7.631,7.631,-4.45333999982715,-4.45333999982715,36.3058750410672,36.3058750410672,,,,,,,,,,,,,,,,
2010-07-01,,1.72445203637563,96.24162333333334,,,5.066666666666666,103.9388,-0.5275180061719453,1.42556133433418,,0,0,3,1.37862924994798,1.23981873188119,1.60548782775791,-0.649385176626149,0.070177458581,-0.0350948853850674,1.0404528743172214,3.781804146244294,,,5.133333333333333,5.033333333333333,,,1.3092239909145849,0.09815385862501673,0.8936376582402328,1.039664739637391,3.574550632960931,-0.06666666666666643,,japan,2,4.09791791943181,-0.728243207517779,5.102,1.33853420544671,26.3773425046421,4.09791791943181,4.09791791943181,-0.728243207517779,-0.728243207517779,5.102,5.102,1.33853420544671,1.33853420544671,26.3773425046421,26.3773425046421,0.0933333333333333,101.18613333333332,0.093,0.098,100.5560786111111,99.30667706349205,0.0003333333333332966,0.6300547222222121,,,,,,,,
2010-10-01,662113.2,0.6363378571654366,93.72742666666666,,,6.2,95.81186,0.3323399711851138,3.629304859546068,,0,0,4,0.9678195245045984,2.137350247850911,0.7188388404555823,0.759219727007121,0.1999325770987603,0.5015818972270658,1.616897419432739,4.976512698552504,,,6.433333333333334,6.7,,,1.5525848861777547,0.8269831052841857,1.1458070849545532,0.6699724080628873,4.583228339818213,-0.2333333333333334,,germany,3,4.13463778522758,1.1038103778926,7.043,5.10545796593838,25.2468823707204,4.13463778522758,4.13463778522758,1.1038103778926,1.1038103778926,7.043,7.043,5.10545796593838,5.10545796593838,25.2468823707204,25.2468823707204,0.5973333333333334,101.47938888888888,0.4534333333333333,0.3505,101.18613333333332,100.5560786111111,0.14390000000000008,0.29325555555556093,86.46666666666665,-15.0,76.82000000000001,78.51,-18.2,-21.866666666666664,9.646666666666647,3.1999999999999993
2010-10-01,,2.6837853905,69.87568,,,,,2.400861709137025,,,0,0,4,2.3716054478,2.5429073526,2.5771454295,2.2037463087,3.615992952125602,0.7782169335309064,,,,,,,,,2.4572564002,0.12112873851424666,2.42385113465,0.17209422813004546,9.6954045386,,,india,1,8.49758470221235,11.9893899204244,7.631,-4.45333999982715,36.3058750410672,8.49758470221235,8.49758470221235,11.9893899204244,11.9893899204244,7.631,7.631,-4.45333999982715,-4.45333999982715,36.3058750410672,36.3058750410672,,,,,,,,,,,,,,,,
2010-10-01,,-0.859012134184056,96.44523666666667,,,5.0,103.28873333333333,0.2113412498601086,-0.6273961655267613,,0,0,4,1.72445203637563,1.37862924994798,1.23981873188119,1.60548782775791,-0.5275180061719453,0.070177458581,1.42556133433418,1.0404528743172214,,,5.066666666666666,5.133333333333333,,,1.5515406431618048,0.24453363737180644,1.4870969614906775,0.21852962886472255,5.94838784596271,-0.06666666666666643,,japan,2,4.09791791943181,-0.728243207517779,5.102,1.33853420544671,26.3773425046421,4.09791791943181,4.09791791943181,-0.728243207517779,-0.728243207517779,5.102,5.102,1.33853420544671,1.33853420544671,26.3773425046421,26.3773425046421,0.0896666666666666,101.47938888888888,0.0933333333333333,0.093,101.18613333333332,100.5560786111111,-0.003666666666666693,0.29325555555556093,,,,,,,,
2010-10-01,16960.864,0.523736364445071,219.699,8794.033333333333,0.1866666666666666,9.5,93.04663333333332,0.8064633548182876,0.4177231579324036,1.2575855408883283,0,0,4,0.7681272705003295,0.9629349822608546,0.483331022067901,1.0751135379244658,0.2927178804412733,-0.0352756952586297,1.2894663588866706,1.876580877061862,0.9840059185389548,1.0983724648642834,9.466666666666669,9.633333333333333,0.1866666666666666,0.1933333333333333,0.865531126380592,0.1377498540133028,0.8223767031883877,0.25918301917220343,3.289506812753551,0.03333333333333144,0.0,us,0,,,,,,,,,,,,,,,,,,,,,,,,,,,,,,,
2011-01-01,674123.5,1.7976790250752828,94.50486,,,5.866666666666667,96.93943,0.8260408113117457,1.1699873577473596,,0,0,1,0.6363378571654366,0.9678195245045984,2.137350247850911,0.7188388404555823,0.3323399711851138,0.1999325770987603,3.629304859546068,1.616897419432739,,,6.2,6.433333333333334,,,0.8020786908350175,0.23439293481454465,1.115086617494132,0.6959222185829073,4.460346469976528,-0.33333333333333304,,germany,3,3.75796884489337,2.07517283735874,5.967,4.85425441678104,27.5499098287462,4.13463778522758,4.13463778522758,1.1038103778926,1.1038103778926,7.043,7.043,5.10545796593838,5.10545796593838,25.2468823707204,25.2468823707204,0.6749333333333333,100.8263,0.5973333333333334,0.4534333333333333,101.47938888888888,101.18613333333332,0.07759999999999989,-0.653088888888874,104.96,-12.1,86.46666666666665,76.82000000000001,-15.0,-18.2,18.49333333333334,2.9000000000000004
2011-01-01,,2.2323455972,71.15078,,,,,1.8083624138918173,,,0,0,1,2.6837853905,2.3716054478,2.5429073526,2.5771454295,2.400861709137025,3.615992952125602,,,,,,,,,2.52769541915,0.22074455443359461,2.5438609051000003,0.12956282004108466,10.175443620400001,,,india,1,5.24131619937695,8.91179336483371,7.609,-6.54305737438719,35.1317930938104,8.49758470221235,8.49758470221235,11.9893899204244,11.9893899204244,7.631,7.631,-4.45333999982715,-4.45333999982715,36.3058750410672,36.3058750410672,,,,,,,,,,,,,,,,
2011-01-01,,-1.43464021420454,96.17375,,,4.733333333333333,99.52529333333332,-0.2818900162841586,-3.711648652099342,,1,0,1,-0.859012134184056,1.72445203637563,1.37862924994798,1.23981873188119,0.2113412498601086,-0.5275180061719453,-0.6273961655267613,1.42556133433418,,,5.0,5.066666666666666,,,0.432719951095787,1.826785033955232,0.870971971005186,1.171187014964516,3.483887884020744,-0.2666666666666666,,japan,2,0.0238095237995424,-0.27245561610124,4.55,-0.646036205929896,25.5805714085266,4.09791791943181,4.09791791943181,-0.728243207517779,-0.728243207517779,5.102,5.102,1.33853420544671,1.33853420544671,26.3773425046421,26.3773425046421,0.0876666666666666,100.8263,0.0896666666666666,0.0933333333333333,101.47938888888888,101.18613333333332,-0.0020000000000000018,-0.653088888888874,,,,,,,,
2011-01-01,16920.632,-0.2374866736049696,222.04366666666667,8907.366666666667,0.1566666666666666,9.033333333333331,93.5568,1.0615631507868706,0.5467937311199655,1.2805188511824994,0,0,1,0.523736364445071,0.7681272705003295,0.9629349822608546,0.483331022067901,0.8064633548182876,0.2927178804412733,0.4177231579324036,1.2894663588866706,1.2575855408883283,0.9840059185389548,9.5,9.466666666666669,0.1866666666666666,0.1866666666666666,0.6459318174727002,0.1728104669319981,0.684532409818539,0.22422716139028587,2.738129639274156,-0.46666666666666856,-0.03,us,0,,,,,,,,,,,,,,,,,,,,,,,,,,,,,,,
2011-04-01,676186.6,0.3055744906836466,95.09571,,,5.566666666666666,97.84149,0.6232596375022936,0.9262369733957776,,0,0,2,1.7976790250752828,0.6363378571654366,0.9678195245045984,2.137350247850911,0.8260408113117457,0.3323399711851138,1.1699873577473596,3.629304859546068,,,5.866666666666667,6.2,,,1.2170084411203597,0.8211922151001572,1.3847966636490572,0.700206936327621,5.539186654596229,-0.3000000000000007,,germany,3,3.75796884489337,2.07517283735874,5.967,4.85425441678104,27.5499098287462,3.75796884489337,4.13463778522758,2.07517283735874,1.1038103778926,5.967,7.043,4.85425441678104,5.10545796593838,27.5499098287462,25.2468823707204,1.0411666666666666,100.49785,0.6749333333333333,0.5973333333333334,100.8263,101.47938888888888,0.3662333333333333,-0.3284500000000037,117.36,-7.666666666666667,104.96,86.46666666666665,-12.1,-15.0,12.400000000000006,4.433333333333333
2011-04-01,,1.7581136328,71.66082333333334,,,,,0.7142914021168956,,,0,0,2,2.2323455972,2.6837853905,2.3716054478,2.5429073526,1.8083624138918173,2.400861709137025,,,,,,,,,2.4580654938500004,0.31921613913988106,2.4576609470250004,0.19712244030379186,9.830643788100002,,,india,1,5.24131619937695,8.91179336483371,7.609,-6.54305737438719,35.1317930938104,5.24131619937695,8.49758470221235,8.91179336483371,11.9893899204244,7.609,7.631,-6.54305737438719,-4.45333999982715,35.1317930938104,36.3058750410672,,,,,,,,,,,,,,,,
2011-04-01,17035.114,0.6743037468666557,224.56833333333336,9109.066666666668,0.0933333333333333,9.066666666666666,93.94496666666667,1.1305981745300286,0.4140411347539618,2.239160477842006,0,0,2,-0.2374866736049696,0.523736364445071,0.7681272705003295,0.9629349822608546,1.0615631507868706,0.8064633548182876,0.5467937311199655,0.4177231579324036,1.2805188511824994,1.2575855408883283,9.033333333333331,9.5,0.1566666666666666,0.1866666666666666,0.1431248454200507,0.5382659722006087,0.5043279859003214,0.5261736449376744,2.0173119436012854,0.03333333333333499,-0.0633333333333333,us,0,,,,,,,,,,,,,,,,,,,,,,,,,,,,,,,
2011-04-01,,-0.639667500924457,96.37736333333334,,,4.666666666666667,95.48818,0.2114902435017995,-4.14093460221201,,0,0,2,-1.43464021420454,-0.859012134184056,1.72445203637563,1.37862924994798,-0.2818900162841586,0.2113412498601086,-3.711648652099342,-0.6273961655267613,,,4.733333333333333,5.0,,,-1.146826174194298,0.40703051882387414,0.20235723448375348,1.5818400703051314,0.8094289379350139,-0.06666666666666643,,japan,2,0.0238095237995424,-0.27245561610124,4.55,-0.646036205929896,25.5805714085266,0.0238095237995424,4.09791791943181,-0.27245561610124,-0.728243207517779,4.55,5.102,-0.646036205929896,1.33853420544671,25.5805714085266,26.3773425046421,0.0666666666666666,100.49785,0.0876666666666666,0.0896666666666666,100.8263,101.47938888888888,-0.021000000000000005,-0.3284500000000037,,,,,,,,
2011-07-01,,2.39354557779925,96.37736333333334,,,4.466666666666667,101.81756666666666,0.0,6.418017961276856,,0,0,3,-0.639667500924457,-1.43464021420454,-0.859012134184056,1.72445203637563,0.2114902435017995,-0.2818900162841586,-4.14093460221201,-3.711648652099342,,,4.666666666666667,4.733333333333333,,,-1.0371538575644985,0.5621305964186135,-0.30221695323435577,1.3920803833469608,-1.208867812937423,-0.20000000000000018,,japan,2,0.0238095237995424,-0.27245561610124,4.55,-0.646036205929896,25.5805714085266,0.0238095237995424,0.0238095237995424,-0.27245561610124,-0.27245561610124,4.55,4.55,-0.646036205929896,-0.646036205929896,25.5805714085266,25.5805714085266,0.078,,0.0666666666666666,0.0876666666666666,100.49785,100.8263,0.011333333333333404,,,,,,,,,
2011-07-01,679797.1,0.5325297837208254,95.46888,,,5.433333333333334,99.19459,0.3916472383425073,1.3734756305172624,,0,0,3,0.3055744906836466,1.7976790250752828,0.6363378571654366,0.9678195245045984,0.6232596375022936,0.8260408113117457,0.9262369733957776,1.1699873577473596,,,5.566666666666666,5.866666666666667,,,1.0516267578794647,1.055077234507522,0.9268527243572411,0.6404171183514276,3.7074108974289643,-0.13333333333333286,,germany,3,3.75796884489337,2.07517283735874,5.967,4.85425441678104,27.5499098287462,3.75796884489337,3.75796884489337,2.07517283735874,2.07517283735874,5.967,5.967,4.85425441678104,4.85425441678104,27.5499098287462,27.5499098287462,0.9743666666666668,,1.0411666666666666,0.6749333333333333,100.49785,100.8263,-0.06679999999999975,,113.34,-6.866666666666667,117.36,104.96,-7.666666666666667,-12.1,-4.019999999999996,0.7999999999999998
2011-07-01,17031.313,-0.0223152255784953,226.03266666666664,9477.566666666666,0.0833333333333333,9.0,95.03566666666666,0.6499490627828841,1.1543109909708529,3.9657348082554833,0,0,3,0.6743037468666557,-0.2374866736049696,0.523736364445071,0.7681272705003295,1.1305981745300286,1.0615631507868706,0.4140411347539618,0.5467937311199655,2.239160477842006,1.2805188511824994,9.066666666666666,9.033333333333331,0.0933333333333333,0.1566666666666666,0.21840853663084306,0.6447331893364195,0.43217017705177163,0.45764633309101344,1.7286807082070865,-0.06666666666666643,-0.009999999999999995,us,0,,,,,,,,,,,,,,,,,,,,,,,,,,,,,,,
2011-07-01,,-1.5137568026,74.46605000000001,,,,,3.839911557090226,,,0,0,3,1.7581136328,2.2323455972,2.6837853905,2.3716054478,0.7142914021168956,1.8083624138918173,,,,,,,,,1.995229615,0.335332637882656,2.261462517075,0.38500907735209705,9.0458500683,,,india,1,5.24131619937695,8.91179336483371,7.609,-6.54305737438719,35.1317930938104,5.24131619937695,5.24131619937695,8.91179336483371,8.91179336483371,7.609,7.609,-6.54305737438719,-6.54305737438719,35.1317930938104,35.1317930938104,,,,,,,,,,,,,,,,
2011-10-01,,0.03471757979141,96.13981666666666,,,4.466666666666667,102.87816666666669,-0.2467798325554326,1.0362790410629152,,0,0,4,2.39354557779925,-0.639667500924457,-1.43464021420454,-0.859012134184056,0.0,0.2114902435017995,6.418017961276856,-4.14093460221201,,,4.466666666666667,4.666666666666667,,,0.8769390384373964,2.144805536749257,-0.13494356787845074,1.718671024326889,-0.539774271513803,0.0,,japan,2,0.0238095237995424,-0.27245561610124,4.55,-0.646036205929896,25.5805714085266,0.0238095237995424,0.0238095237995424,-0.27245561610124,-0.27245561610124,4.55,4.55,-0.646036205929896,-0.646036205929896,25.5805714085266,25.5805714085266,0.0786666666666666,,0.078,0.0666666666666666,,100.49785,0.0006666666666665932,,,,,,,,,
2011-10-01,17222.583,1.1167896811464573,227.0473333333333,9636.4,0.0733333333333333,8.633333333333333,96.0208,0.4478981031862616,1.0312574928073914,1.661999230405442,0,0,4,-0.0223152255784953,0.6743037468666557,-0.2374866736049696,0.523736364445071,0.6499490627828841,1.1305981745300286,1.1543109909708529,0.4140411347539618,3.9657348082554833,2.239160477842006,9.0,9.066666666666666,0.0833333333333333,0.0933333333333333,0.3259942606440802,0.4925839993191708,0.23455955303206544,0.4342850355234123,0.9382382121282618,-0.36666666666666714,-0.009999999999999995,us,0,,,,,,,,,,,,,,,,,,,,,,,,,,,,,,,
2011-10-01,,1.9876549331,75.74115666666667,,,,,1.6978377077452755,,,0,0,4,-1.5137568026,1.7581136328,2.2323455972,2.6837853905,3.839911557090226,0.7142914021168956,,,,,,,,,0.12217841510000005,2.313561772035122,1.2901219544750004,1.9070776475348243,5.160487817900002,,,india,1,5.24131619937695,8.91179336483371,7.609,-6.54305737438719,35.1317930938104,5.24131619937695,5.24131619937695,8.91179336483371,8.91179336483371,7.609,7.609,-6.54305737438719,-6.54305737438719,35.1317930938104,35.1317930938104,,,,,,,,,,,,,,,,
2011-10-01,679576.0,-0.032529700926176,95.81095333333332,,,5.233333333333333,98.26031,0.357668335486494,-0.9463294882644746,,0,0,4,0.5325297837208254,0.3055744906836466,1.7976790250752828,0.6363378571654366,0.3916472383425073,0.6232596375022936,1.3734756305172624,0.9262369733957776,,,5.433333333333334,5.566666666666666,,,0.419052137202236,0.16048162673276914,0.8180302891612978,0.6675440733571016,3.2721211566451913,-0.20000000000000018,,germany,3,3.75796884489337,2.07517283735874,5.967,4.85425441678104,27.5499098287462,3.75796884489337,3.75796884489337,2.07517283735874,2.07517283735874,5.967,5.967,4.85425441678104,4.85425441678104,27.5499098287462,27.5499098287462,0.7921999999999999,,0.9743666666666668,1.0411666666666666,,100.49785,-0.18216666666666692,,109.39666666666666,-9.7,113.34,117.36,-6.866666666666667,-7.666666666666667,-3.9433333333333422,-2.833333333333332
2012-01-01,17367.01,0.8350941818790147,228.326,9802.966666666664,0.1033333333333333,8.266666666666667,96.97176666666668,0.5615919658330526,0.9855036177892628,1.713746606269417,0,0,1,1.1167896811464573,-0.0223152255784953,0.6743037468666557,-0.2374866736049696,0.4478981031862616,0.6499490627828841,1.0312574928073914,1.1543109909708529,1.661999230405442,3.9657348082554833,8.633333333333333,9.0,0.0733333333333333,0.0833333333333333,0.547237227783981,0.8054688040280836,0.382822882207412,0.6251904210771384,1.531291528829648,-0.36666666666666536,0.03,us,0,,,,,,,,,,,,,,,,,,,,,,,,,,,,,,,
2012-01-01,681491.8,0.2815144499388466,96.52618666666666,,,5.1,98.2281,0.7437322091656817,-0.032785649075695,,0,0,1,-0.032529700926176,0.5325297837208254,0.3055744906836466,1.7976790250752828,0.357668335486494,0.3916472383425073,-0.9463294882644746,1.3734756305172624,,,5.233333333333333,5.433333333333334,,,0.2500000413973247,0.39955739336767054,0.6508133996383947,0.7990493255422864,2.6032535985535787,-0.13333333333333375,,germany,3,0.463512036709204,2.00848884782956,5.372,6.03951730444972,26.6562055834459,3.75796884489337,3.75796884489337,2.07517283735874,2.07517283735874,5.967,5.967,4.85425441678104,4.85425441678104,27.5499098287462,27.5499098287462,0.3674333333333333,98.99105,0.7921999999999999,0.9743666666666668,,,-0.4247666666666666,,118.49,-9.7,109.39666666666666,113.34,-9.7,-6.866666666666667,9.093333333333334,0.0
2012-01-01,,1.778408445,76.2512,,,,,0.6711459168564637,,,0,0,1,1.9876549331,-1.5137568026,1.7581136328,2.2323455972,1.6978377077452755,3.839911557090226,,,,,,,,,0.23694906525000003,2.4758719820396298,1.1160893401250003,1.7638915821848151,4.464357360500001,,,india,1,5.45638755166587,9.47899691419801,7.645,-6.72486040591518,35.261292320436,5.24131619937695,5.24131619937695,8.91179336483371,8.91179336483371,7.609,7.609,-6.54305737438719,-6.54305737438719,35.1317930938104,35.1317930938104,,,,,,,,,,,,,,,,
2012-01-01,,1.52002363120938,96.47917333333334,,,4.5,103.66506666666668,0.3523609149675089,0.7619749091936079,,0,0,1,0.03471757979141,2.39354557779925,-0.639667500924457,-1.43464021420454,-0.2467798325554326,0.0,1.0362790410629152,6.418017961276856,,,4.466666666666667,4.466666666666667,,,1.21413157879533,1.6679432730440296,0.0884888606154157,1.6498799638649118,0.3539554424616628,0.033333333333333215,,japan,2,1.37475099905274,-0.0440645104432602,4.358,-1.64136169121036,24.895748835138,0.0238095237995424,0.0238095237995424,-0.27245561610124,-0.27245561610124,4.55,4.55,-0.646036205929896,-0.646036205929896,25.5805714085266,25.5805714085266,0.083,98.99105,0.0786666666666666,0.078,,,0.004333333333333411,,,,,,,,,
2012-04-01,,1.466271044,78.92891333333334,,,,,3.4514463083646696,,,0,0,2,1.778408445,1.9876549331,-1.5137568026,1.7581136328,0.6711459168564637,1.6978377077452755,,,,,,,,,1.88303168905,0.1479596106749807,1.0026050520750003,1.680780014536289,4.010420208300001,,,india,1,5.45638755166587,9.47899691419801,7.645,-6.72486040591518,35.261292320436,5.45638755166587,5.24131619937695,9.47899691419801,8.91179336483371,7.645,7.609,-6.72486040591518,-6.54305737438719,35.261292320436,35.1317930938104,,,,,,,,,,,,,,,,
2012-04-01,,-0.926725461246869,96.54704,,,4.4,101.47543333333334,0.0703186041845604,-2.134845624683912,,0,0,2,1.52002363120938,0.03471757979141,2.39354557779925,-0.639667500924457,0.3523609149675089,-0.2467798325554326,0.7619749091936079,1.0362790410629152,,,4.5,4.466666666666667,,,0.777370605500395,1.0502699810950589,0.8271548219688957,1.3799965816983295,3.3086192878755827,-0.09999999999999964,,japan,2,1.37475099905274,-0.0440645104432602,4.358,-1.64136169121036,24.895748835138,1.37475099905274,0.0238095237995424,-0.0440645104432602,-0.27245561610124,4.358,4.55,-1.64136169121036,-0.646036205929896,24.895748835138,25.5805714085266,0.0783333333333333,100.6348,0.083,0.0786666666666666,98.99105,,-0.004666666666666708,1.6437499999999972,,,,,,,,
2012-04-01,17444.525,0.4453416266322563,228.808,9960.2,0.1533333333333333,8.2,97.5877,0.2108791639305884,0.6331590043553881,1.5912090762007836,0,0,2,0.8350941818790147,1.1167896811464573,-0.0223152255784953,0.6743037468666557,0.5615919658330526,0.4478981031862616,0.9855036177892628,1.0312574928073914,1.713746606269417,1.661999230405442,8.266666666666667,8.633333333333333,0.1033333333333333,0.0733333333333333,0.975941931512736,0.19918879776173953,0.6509680960784081,0.48468104577705756,2.6038723843136324,-0.0666666666666682,0.04999999999999999,us,0,,,,,,,,,,,,,,,,,,,,,,,,,,,,,,,
2012-04-01,682449.6,0.140445939604028,96.86826333333332,,,5.1,98.16366,0.3537609516870432,-0.0656239368827193,,0,0,2,0.2815144499388466,-0.032529700926176,0.5325297837208254,0.3055744906836466,0.7437322091656817,0.357668335486494,-0.032785649075695,-0.9463294882644746,,,5.1,5.233333333333333,,,0.1244923745063353,0.22206274866862868,0.27177225585428566,0.23225824037374912,1.0870890234171426,0.0,,germany,3,0.463512036709204,2.00848884782956,5.372,6.03951730444972,26.6562055834459,0.463512036709204,3.75796884489337,2.00848884782956,2.07517283735874,5.372,5.967,6.03951730444972,4.85425441678104,26.6562055834459,27.5499098287462,0.3380333333333333,100.6348,0.3674333333333333,0.7921999999999999,98.99105,,-0.02939999999999998,1.6437499999999972,108.41666666666669,-9.1,118.49,109.39666666666666,-9.7,-9.7,-10.07333333333331,0.5999999999999996
2012-07-01,17469.65,0.1439243764862041,229.841,10150.733333333332,0.1433333333333333,8.033333333333333,97.56826666666666,0.4504541584990917,-0.0199156948460732,1.8948800751225288,0,0,3,0.4453416266322563,0.8350941818790147,1.1167896811464573,-0.0223152255784953,0.2108791639305884,0.5615919658330526,0.6331590043553881,0.9855036177892628,1.5912090762007836,1.713746606269417,8.2,8.266666666666667,0.1533333333333333,0.1033333333333333,0.6402179042556355,0.2755966747997674,0.5937275660198083,0.4944286020651336,2.374910264079233,-0.16666666666666607,-0.009999999999999981,us,0,,,,,,,,,,,,,,,,,,,,,,,,,,,,,,,
2012-07-01,683407.5,0.1402635981532896,97.39691,,,5.033333333333333,98.48582,0.544253982868792,0.327649265291452,,0,0,3,0.140445939604028,0.2815144499388466,-0.032529700926176,0.5325297837208254,0.3537609516870432,0.7437322091656817,-0.0656239368827193,-0.032785649075695,,,5.1,5.1,,,0.2109801947714373,0.09975050026963483,0.230490118084381,0.2388296612856958,0.921960472337524,-0.06666666666666643,,germany,3,0.463512036709204,2.00848884782956,5.372,6.03951730444972,26.6562055834459,0.463512036709204,0.463512036709204,2.00848884782956,2.00848884782956,5.372,5.372,6.03951730444972,6.03951730444972,26.6562055834459,26.6562055834459,0.1312,100.60864,0.3380333333333333,0.3674333333333333,100.6348,98.99105,-0.20683333333333329,-0.026160000000004402,109.61333333333334,-8.6,108.41666666666669,118.49,-9.1,-9.7,1.1966666666666583,0.5
2012-07-01,,-0.395400732919715,95.97013666666668,,,4.233333333333333,98.32785666666666,-0.5993284029599089,-3.150936185614128,,0,0,3,-0.926725461246869,1.52002363120938,0.03471757979141,2.39354557779925,0.0703186041845604,0.3523609149675089,-2.134845624683912,0.7619749091936079,,,4.4,4.5,,,0.2966490849812555,1.7301128751378434,0.7553903318882927,1.4851598622444506,3.021561327553171,-0.16666666666666696,,japan,2,1.37475099905274,-0.0440645104432602,4.358,-1.64136169121036,24.895748835138,1.37475099905274,1.37475099905274,-0.0440645104432602,-0.0440645104432602,4.358,4.358,-1.64136169121036,-1.64136169121036,24.895748835138,24.895748835138,0.085,100.60864,0.0783333333333333,0.083,100.6348,98.99105,0.00666666666666671,-0.026160000000004402,,,,,,,,
2012-07-01,,1.2031342936,81.73414000000001,,,,,3.492416868728476,,,0,0,3,1.466271044,1.778408445,1.9876549331,-1.5137568026,3.4514463083646696,0.6711459168564637,,,,,,,,,1.6223397445,0.22071447290904572,0.9296444048750003,1.6429611766718795,3.7185776195000013,,,india,1,5.45638755166587,9.47899691419801,7.645,-6.72486040591518,35.261292320436,5.45638755166587,5.45638755166587,9.47899691419801,9.47899691419801,7.645,7.645,-6.72486040591518,-6.72486040591518,35.261292320436,35.261292320436,,,,,,,,,,,,,,,,
2012-10-01,681491.7,-0.280724211449268,97.73898666666666,,,5.0,96.06959,0.350603884697076,-2.483975373294456,,0,0,4,0.1402635981532896,0.140445939604028,0.2815144499388466,-0.032529700926176,0.544253982868792,0.3537609516870432,0.327649265291452,-0.0656239368827193,,,5.033333333333333,5.1,,,0.14035476887865878,0.0001289348762748164,0.13242357169249705,0.12853468601340648,0.5296942867699882,-0.033333333333333215,,germany,3,0.463512036709204,2.00848884782956,5.372,6.03951730444972,26.6562055834459,0.463512036709204,0.463512036709204,2.00848884782956,2.00848884782956,5.372,5.372,6.03951730444972,6.03951730444972,26.6562055834459,26.6562055834459,0.0808666666666666,98.26403333333332,0.1312,0.3380333333333333,100.60864,100.6348,-0.05033333333333341,-2.344606666666678,110.08666666666666,-10.7,109.61333333333334,108.41666666666669,-8.6,-9.1,0.47333333333331495,-2.0999999999999996
2012-10-01,17489.852,0.1155737415750479,231.3693333333333,10381.8,0.16,7.8,98.0357,0.6627513813426411,0.4779394110269841,2.25083206411103,0,0,4,0.1439243764862041,0.4453416266322563,0.8350941818790147,1.1167896811464573,0.4504541584990917,0.2108791639305884,-0.0199156948460732,0.6331590043553881,1.8948800751225288,1.5912090762007836,8.033333333333333,8.2,0.1433333333333333,0.1533333333333333,0.2946330015592302,0.2131341815448747,0.6352874665359831,0.4278957094631673,2.5411498661439325,-0.2333333333333334,0.01666666666666669,us,0,,,,,,,,,,,,,,,,,,,,,,,,,,,,,,,
2012-10-01,,-0.054766774076331,95.90226666666666,,,4.166666666666667,96.75406333333336,-0.0707449342913335,-1.61350419001014,,0,0,4,-0.395400732919715,-0.926725461246869,1.52002363120938,0.03471757979141,-0.5993284029599089,0.0703186041845604,-3.150936185614128,-2.134845624683912,,,4.233333333333333,4.4,,,-0.661063097083292,0.37570331841222776,0.05815375420855151,1.0509220607612466,0.23261501683420605,-0.06666666666666643,,japan,2,1.37475099905274,-0.0440645104432602,4.358,-1.64136169121036,24.895748835138,1.37475099905274,1.37475099905274,-0.0440645104432602,-0.0440645104432602,4.358,4.358,-1.64136169121036,-1.64136169121036,24.895748835138,24.895748835138,0.0843333333333333,98.26403333333332,0.085,0.0783333333333333,100.60864,100.6348,-0.0006666666666667043,-2.344606666666678,,,,,,,,
2012-10-01,,1.2907086007,83.39178,,,,,2.0077958516617755,,,0,0,4,1.2031342936,1.466271044,1.778408445,1.9876549331,3.492416868728476,3.4514463083646696,,,,,,,,,1.3347026687999999,0.18606578058723428,1.6088671789250002,0.3450493856174587,6.435468715700001,,,india,1,5.45638755166587,9.47899691419801,7.645,-6.72486040591518,35.261292320436,5.45638755166587,5.45638755166587,9.47899691419801,9.47899691419801,7.645,7.645,-6.72486040591518,-6.72486040591518,35.261292320436,35.261292320436,,,,,,,,,,,,,,,,
2013-01-01,17662.4,0.9817259265515688,232.29933333333332,10534.666666666666,0.1433333333333333,7.733333333333333,98.77346666666666,0.4011490592279898,0.7497314631875973,1.461713308385626,0,0,1,0.1155737415750479,0.1439243764862041,0.4453416266322563,0.8350941818790147,0.6627513813426411,0.4504541584990917,0.4779394110269841,-0.0199156948460732,2.25083206411103,1.8948800751225288,7.8,8.033333333333333,0.16,0.1433333333333333,0.129749059030626,0.02004692619661213,0.3849834816431308,0.3351287555333404,1.5399339265725231,-0.06666666666666643,-0.01666666666666669,us,0,,,,,,,,,,,,,,,,,,,,,,,,,,,,,,,
2013-01-01,677899.5,-0.5285025180812752,98.01886,,,5.066666666666666,96.32732,0.2859384988013858,0.2679150659562701,,0,0,1,-0.280724211449268,0.1402635981532896,0.140445939604028,0.2815144499388466,0.350603884697076,0.544253982868792,-2.483975373294456,0.327649265291452,,,5.0,5.033333333333333,,,-0.0702303066479892,0.2976833349668396,0.07037494406172404,0.2433412393667175,0.28149977624689615,0.06666666666666643,,germany,3,0.396995583779145,1.50472330251876,5.316,5.77453880717814,26.5120831814718,0.463512036709204,0.463512036709204,2.00848884782956,2.00848884782956,5.372,5.372,6.03951730444972,6.03951730444972,26.6562055834459,26.6562055834459,0.0679,99.07711611111112,0.0808666666666666,0.1312,98.26403333333332,100.60864,-0.012966666666666599,0.813082777777808,112.49333333333334,-6.6000000000000005,110.08666666666666,109.61333333333334,-10.7,-8.6,2.4066666666666805,4.099999999999999
2013-01-01,,1.5788565729,85.17692,,,,,2.1180761762468414,,,0,0,1,1.2907086007,1.2031342936,1.466271044,1.778408445,2.0077958516617755,3.492416868728476,,,,,,,,,1.24692144715,0.061924386408131145,1.4346305958250003,0.25396089342568595,5.738522383300001,,,india,1,6.38610640094825,10.0178784746102,7.678,-2.98240934563964,34.3046574869553,5.45638755166587,5.45638755166587,9.47899691419801,9.47899691419801,7.645,7.645,-6.72486040591518,-6.72486040591518,35.261292320436,35.261292320436,,,,,,,,,,,,,,,,
2013-01-01,,1.27735772933788,95.83439666666668,,,4.2,96.75715,-0.0707950181825012,0.0031901682737256,,0,0,1,-0.054766774076331,-0.395400732919715,-0.926725461246869,1.52002363120938,-0.0707449342913335,-0.5993284029599089,-1.61350419001014,-3.150936185614128,,,4.166666666666667,4.233333333333333,,,-0.225083753498023,0.2408645822005699,0.03578266574161626,1.0525384335696946,0.14313066296646504,0.033333333333333215,,japan,2,2.00510017681211,0.335037912184741,4.038,-2.41045518719656,25.2525231315864,1.37475099905274,1.37475099905274,-0.0440645104432602,-0.0440645104432602,4.358,4.358,-1.64136169121036,-1.64136169121036,24.895748835138,24.895748835138,0.081,99.07711611111112,0.0843333333333333,0.085,98.26403333333332,100.60864,-0.0033333333333332993,0.813082777777808,,,,,,,,
2013-04-01,686594.3,1.2744532347525706,98.32983666666668,,,4.966666666666667,97.68041,0.3167598583194042,1.394905182218764,,0,0,2,-0.5285025180812752,-0.280724211449268,0.1402635981532896,0.140445939604028,0.2859384988013858,0.350603884697076,0.2679150659562701,-2.483975373294456,,,5.066666666666666,5.0,,,-0.4046133647652716,0.17520572085041172,-0.1321292979433064,0.3304982742921495,-0.5285171917732256,-0.09999999999999964,,germany,3,0.396995583779145,1.50472330251876,5.316,5.77453880717814,26.5120831814718,0.396995583779145,0.463512036709204,1.50472330251876,2.00848884782956,5.316,5.372,5.77453880717814,6.03951730444972,26.5120831814718,26.6562055834459,0.0819666666666666,98.86121861111113,0.0679,0.0808666666666666,99.07711611111112,98.26403333333332,0.014066666666666602,-0.21589749999999697,102.57666666666668,-4.566666666666666,112.49333333333334,110.08666666666666,-6.6000000000000005,-10.7,-9.916666666666657,2.033333333333334
2013-04-01,,1.4831348372,87.34460000000001,,,,,2.5130709287185304,,,0,0,2,1.5788565729,1.2907086007,1.2031342936,1.466271044,2.1180761762468414,2.0077958516617755,,,,,,,,,1.4347825868,0.20375138512777452,1.3847426278000001,0.16946100006974438,5.5389705112000005,,,india,1,6.38610640094825,10.0178784746102,7.678,-2.98240934563964,34.3046574869553,6.38610640094825,5.45638755166587,10.0178784746102,9.47899691419801,7.678,7.645,-2.98240934563964,-6.72486040591518,34.3046574869553,35.261292320436,,,,,,,,,,,,,,,,
2013-04-01,,1.02579239596703,96.27555666666666,,,4.033333333333333,98.75695,0.4592794572296554,2.045755006345651,,0,0,2,1.27735772933788,-0.054766774076331,-0.395400732919715,-0.926725461246869,-0.0707950181825012,-0.0707449342913335,0.0031901682737256,-1.61350419001014,,,4.2,4.166666666666667,,,0.6112954776307744,0.9419542697489482,-0.024883809726258754,0.9393840486213382,-0.09953523890503502,-0.16666666666666696,,japan,2,2.00510017681211,0.335037912184741,4.038,-2.41045518719656,25.2525231315864,2.00510017681211,1.37475099905274,0.335037912184741,-0.0440645104432602,4.038,4.358,-2.41045518719656,-1.64136169121036,25.2525231315864,24.895748835138,0.07,98.86121861111113,0.081,0.0843333333333333,99.07711611111112,98.26403333333332,-0.010999999999999996,-0.21589749999999697,,,,,,,,
2013-04-01,17709.671,0.2672788265137171,232.045,10653.666666666666,0.1166666666666666,7.533333333333334,99.2267,-0.1095451545370274,0.457811862059998,1.1232714659481502,0,0,2,0.9817259265515688,0.1155737415750479,0.1439243764862041,0.4453416266322563,0.4011490592279898,0.6627513813426411,0.7497314631875973,0.4779394110269841,1.461713308385626,2.25083206411103,7.733333333333333,7.8,0.1433333333333333,0.16,0.5486498340633084,0.6124620835364427,0.4216414178112693,0.40210302755554633,1.6865656712450772,-0.1999999999999993,-0.026666666666666713,us,0,,,,,,,,,,,,,,,,,,,,,,,,,,,,,,,
2013-07-01,17860.45,0.8477896552497199,233.3,10804.133333333331,0.0833333333333333,7.233333333333333,99.63223333333332,0.5393860652711524,0.4078608777667192,1.4024656110590783,0,0,3,0.2672788265137171,0.9817259265515688,0.1155737415750479,0.1439243764862041,-0.1095451545370274,0.4011490592279898,0.457811862059998,0.7497314631875973,1.1232714659481502,1.461713308385626,7.533333333333334,7.733333333333333,0.1166666666666666,0.1433333333333333,0.624502376532643,0.5051903892358286,0.37712571778163445,0.4084115790904368,1.5085028711265378,-0.3000000000000007,-0.0333333333333333,us,0,,,,,,,,,,,,,,,,,,,,,,,,,,,,,,,
2013-07-01,,0.948828805716784,96.81853,,,3.933333333333333,100.55673333333334,0.5623939850610604,1.806029795076736,,0,0,3,1.02579239596703,1.27735772933788,-0.054766774076331,-0.395400732919715,0.4592794572296554,-0.0707950181825012,2.045755006345651,0.0031901682737256,,,4.033333333333333,4.2,,,1.151575062652455,0.1778835531379662,0.463245654577216,0.81339777098303,1.852982618308864,-0.10000000000000009,,japan,2,2.00510017681211,0.335037912184741,4.038,-2.41045518719656,25.2525231315864,2.00510017681211,2.00510017681211,0.335037912184741,0.335037912184741,4.038,4.038,-2.41045518719656,-2.41045518719656,25.2525231315864,25.2525231315864,0.07,99.38265,0.07,0.081,98.86121861111113,99.07711611111112,0.0,0.5214313888888711,,,,,,,,
2013-07-01,689394.4,0.4069951832001095,98.98287999999998,,,4.9,98.2281,0.6619398170237822,0.559129796710689,,0,0,3,1.2744532347525706,-0.5285025180812752,-0.280724211449268,0.1402635981532896,0.3167598583194042,0.2859384988013858,1.394905182218764,0.2679150659562701,,,4.966666666666667,5.066666666666666,,,0.37297535833564766,1.2748822390081094,0.15137252584382924,0.7979915105498513,0.605490103375317,-0.06666666666666643,,germany,3,0.396995583779145,1.50472330251876,5.316,5.77453880717814,26.5120831814718,0.396995583779145,0.396995583779145,1.50472330251876,1.50472330251876,5.316,5.316,5.77453880717814,5.77453880717814,26.5120831814718,26.5120831814718,0.0851333333333333,99.38265,0.0819666666666666,0.0679,98.86121861111113,99.07711611111112,0.0031666666666666926,0.5214313888888711,110.27,-4.133333333333334,102.57666666666668,112.49333333333334,-4.566666666666666,-6.6000000000000005,7.693333333333314,0.4333333333333327
2013-07-01,,1.6688728794,90.53236,,,,,3.58461414482667,,,0,0,3,1.4831348372,1.5788565729,1.2907086007,1.2031342936,2.5130709287185304,2.1180761762468414,,,,,,,,,1.53099570505,0.06768548842042045,1.3889585761,0.1723505526305555,5.5558343044,,,india,1,6.38610640094825,10.0178784746102,7.678,-2.98240934563964,34.3046574869553,6.38610640094825,6.38610640094825,10.0178784746102,10.0178784746102,7.678,7.678,-2.98240934563964,-2.98240934563964,34.3046574869553,34.3046574869553,,,,,,,,,,,,,,,,
2013-10-01,690573.3,0.170859113121935,99.04507666666666,,,4.8,99.16237,0.0628160485607765,0.9466282507863966,,0,0,4,0.4069951832001095,1.2744532347525706,-0.5285025180812752,-0.280724211449268,0.6619398170237822,0.3167598583194042,0.559129796710689,1.394905182218764,,,4.9,4.966666666666667,,,0.84072420897634,0.613385470647615,0.21805542210553422,0.8078375358104614,0.8722216884221369,-0.10000000000000053,,germany,3,0.396995583779145,1.50472330251876,5.316,5.77453880717814,26.5120831814718,0.396995583779145,0.396995583779145,1.50472330251876,1.50472330251876,5.316,5.316,5.77453880717814,5.77453880717814,26.5120831814718,26.5120831814718,0.1216666666666666,100.06326722222222,0.0851333333333333,0.0819666666666666,99.38265,98.86121861111113,0.03653333333333331,0.6806172222222244,109.21,-4.833333333333333,110.27,102.57666666666668,-4.133333333333334,-4.566666666666666,-1.0600000000000023,-0.6999999999999993
2013-10-01,18016.147,0.8679640238263175,234.1626666666667,11017.133333333331,0.0866666666666666,6.933333333333334,100.3051,0.369085151597659,0.673080105375945,1.952285983048796,0,0,4,0.8477896552497199,0.2672788265137171,0.9817259265515688,0.1155737415750479,0.5393860652711524,-0.1095451545370274,0.4078608777667192,0.457811862059998,1.4024656110590783,1.1232714659481502,7.233333333333333,7.533333333333334,0.0833333333333333,0.1166666666666666,0.5575342408817185,0.41048314355145,0.5530920374725135,0.42570926996178826,2.212368149890054,-0.2999999999999998,0.0033333333333332993,us,0,,,,,,,,,,,,,,,,,,,,,,,,,,,,,,,
2013-10-01,,-0.140659883280025,97.25969,,,3.8666666666666663,101.75666666666666,0.4546216054817975,1.186226323958195,,0,0,4,0.948828805716784,1.02579239596703,1.27735772933788,-0.054766774076331,0.5623939850610604,0.4592794572296554,1.806029795076736,2.045755006345651,,,3.933333333333333,4.033333333333333,,,0.987310600841907,0.05442147657036152,0.7993030392363408,0.5864091052879563,3.1972121569453633,-0.06666666666666687,,japan,2,2.00510017681211,0.335037912184741,4.038,-2.41045518719656,25.2525231315864,2.00510017681211,2.00510017681211,0.335037912184741,0.335037912184741,4.038,4.038,-2.41045518719656,-2.41045518719656,25.2525231315864,25.2525231315864,0.07,100.06326722222222,0.07,0.07,99.38265,98.86121861111113,0.0,0.6806172222222244,,,,,,,,
2013-10-01,,2.1126063469,92.18999333333332,,,,,1.814423664200504,,,0,0,4,1.6688728794,1.4831348372,1.5788565729,1.2907086007,3.58461414482667,2.5130709287185304,,,,,,,,,1.5760038583,0.131336629163935,1.5053932225500002,0.1619746735611385,6.021572890200001,,,india,1,6.38610640094825,10.0178784746102,7.678,-2.98240934563964,34.3046574869553,6.38610640094825,6.38610640094825,10.0178784746102,10.0178784746102,7.678,7.678,-2.98240934563964,-2.98240934563964,34.3046574869553,34.3046574869553,,,,,,,,,,,,,,,,
2014-01-01,697996.7,1.069225278201813,99.20056333333332,,,4.8,99.25902,0.1568626664870009,0.0974189402097813,,0,0,1,0.170859113121935,0.4069951832001095,1.2744532347525706,-0.5285025180812752,0.0628160485607765,0.6619398170237822,0.9466282507863966,0.559129796710689,,,4.8,4.9,,,0.2889271481610223,0.166973416435019,0.33095125324833496,0.7439240433377305,1.3238050129933399,0.0,,germany,3,2.18018602168017,0.906794000434245,4.979,6.53898347110207,27.389383046964,0.396995583779145,0.396995583779145,1.50472330251876,1.50472330251876,5.316,5.316,5.77453880717814,5.77453880717814,26.5120831814718,26.5120831814718,0.1815666666666666,100.0797288888889,0.1216666666666666,0.0851333333333333,100.06326722222222,99.38265,0.059899999999999995,0.016461666666671704,108.16666666666669,-7.633333333333333,109.21,110.27,-4.833333333333333,-4.133333333333334,-1.0433333333333081,-2.8
2014-01-01,,1.0469098332883,97.29362333333334,,,3.6666666666666665,103.5898,0.0348833264220083,1.7854527137978415,,0,0,1,-0.140659883280025,0.948828805716784,1.02579239596703,1.27735772933788,0.4546216054817975,0.5623939850610604,1.186226323958195,1.806029795076736,,,3.8666666666666663,3.933333333333333,,,0.4040844612183795,0.7703848400156822,0.7778297619354173,0.6281925287243448,3.1113190477416692,-0.19999999999999973,,japan,2,0.296205514141889,2.75922671353253,3.589,-2.59412387169894,25.7720886257814,2.00510017681211,2.00510017681211,0.335037912184741,0.335037912184741,4.038,4.038,-2.41045518719656,-2.41045518719656,25.2525231315864,25.2525231315864,0.0733333333333333,100.0797288888889,0.07,0.07,100.06326722222222,99.38265,0.0033333333333332993,0.016461666666671704,,,,,,,,
2014-01-01,,1.2457002455,91.0424,,,,,-1.252626042686522,,,0,0,1,2.1126063469,1.6688728794,1.4831348372,1.5788565729,1.814423664200504,3.58461414482667,,,,,,,,,1.89073961315,0.3137669439086701,1.7108676591000003,0.27835630634587916,6.843470636400001,,,india,1,7.41022760508854,6.66565671867899,7.656,-2.98625973083243,33.4660257489805,6.38610640094825,6.38610640094825,10.0178784746102,10.0178784746102,7.678,7.678,-2.98240934563964,-2.98240934563964,34.3046574869553,34.3046574869553,,,,,,,,,,,,,,,,
2014-01-01,17953.974,-0.3456928149660143,235.621,11182.733333333332,0.0733333333333333,6.666666666666667,100.9903,0.620855138749743,0.6807931492372354,1.491928525059727,0,0,1,0.8679640238263175,0.8477896552497199,0.2672788265137171,0.9817259265515688,0.369085151597659,0.5393860652711524,0.673080105375945,0.4078608777667192,1.952285983048796,1.4024656110590783,6.933333333333334,7.233333333333333,0.0866666666666666,0.0833333333333333,0.8578768395380187,0.014265432826675112,0.7411896080353308,0.3213951212723615,2.9647584321413234,-0.2666666666666666,-0.013333333333333294,us,0,,,,,,,,,,,,,,,,,,,,,,,,,,,,,,,
2014-04-01,18185.911,1.283569022914932,236.87233333333333,11339.166666666666,0.0933333333333333,6.2,102.37046666666669,0.5296736146774172,1.3573786923290143,1.3891887371231704,0,0,2,-0.3456928149660143,0.8679640238263175,0.8477896552497199,0.2672788265137171,0.620855138749743,0.369085151597659,0.6807931492372354,0.673080105375945,1.491928525059727,1.952285983048796,6.666666666666667,6.933333333333334,0.0733333333333333,0.0866666666666666,0.2611356044301516,0.8581849807434863,0.409334922655935,0.5752767519504349,1.63733969062374,-0.4666666666666668,0.01999999999999999,us,0,,,,,,,,,,,,,,,,,,,,,,,,,,,,,,,
2014-04-01,,2.244971741,93.33759,,,,,2.489758853481039,,,0,0,2,1.2457002455,2.1126063469,1.6688728794,1.4831348372,-1.252626042686522,1.814423664200504,,,,,,,,,1.6791532962,0.6129951829519329,1.6275785772500002,0.366811582433229,6.510314309000001,,,india,1,7.41022760508854,6.66565671867899,7.656,-2.98625973083243,33.4660257489805,7.41022760508854,6.38610640094825,6.66565671867899,10.0178784746102,7.656,7.678,-2.98625973083243,-2.98240934563964,33.4660257489805,34.3046574869553,,,,,,,,,,,,,,,,
2014-04-01,,-1.44001607272859,99.70306666666666,,,3.633333333333333,100.75676,2.4462984536384624,-2.772957402975873,,0,0,2,1.0469098332883,-0.140659883280025,0.948828805716784,1.02579239596703,0.0348833264220083,0.4546216054817975,1.7854527137978415,1.186226323958195,,,3.6666666666666665,3.8666666666666663,,,0.4531249750041375,0.8397385997172461,0.7202177879230223,0.5754641303095781,2.880871151692089,-0.03333333333333366,,japan,2,0.296205514141889,2.75922671353253,3.589,-2.59412387169894,25.7720886257814,0.296205514141889,2.00510017681211,2.75922671353253,0.335037912184741,3.589,4.038,-2.59412387169894,-2.41045518719656,25.7720886257814,25.2525231315864,0.0666666666666666,100.01783111111112,0.0733333333333333,0.07,100.0797288888889,100.06326722222222,-0.00666666666666671,-0.061897777777772944,,,,,,,,
2014-04-01,698438.8,0.0633183580296403,99.38714666666664,,,4.733333333333333,98.77577,0.1879103074766241,-0.4880465288025881,,0,0,2,1.069225278201813,0.170859113121935,0.4069951832001095,1.2744532347525706,0.1568626664870009,0.0628160485607765,0.0974189402097813,0.9466282507863966,,,4.8,4.8,,,0.620042195661874,0.6352408073165351,0.730383202319107,0.525507110602793,2.921532809276428,-0.06666666666666643,,germany,3,2.18018602168017,0.906794000434245,4.979,6.53898347110207,27.389383046964,2.18018602168017,0.396995583779145,0.906794000434245,1.50472330251876,4.979,5.316,6.53898347110207,5.77453880717814,27.389383046964,26.5120831814718,0.1925666666666666,100.01783111111112,0.1815666666666666,0.1216666666666666,100.0797288888889,100.06326722222222,0.01100000000000001,-0.061897777777772944,109.7,-9.566666666666668,108.16666666666669,109.21,-7.633333333333333,-4.833333333333333,1.5333333333333172,-1.9333333333333353
2014-07-01,18406.941,1.2080648325781596,237.47833333333327,11483.666666666666,0.09,6.066666666666666,102.93203333333334,0.2555073165354748,0.5470640320588416,1.2662926531696428,0,0,3,1.283569022914932,-0.3456928149660143,0.8679640238263175,0.8477896552497199,0.5296736146774172,0.620855138749743,1.3573786923290143,0.6807931492372354,1.3891887371231704,1.491928525059727,6.2,6.666666666666667,0.0933333333333333,0.0733333333333333,0.4689381039744588,1.1520620938940744,0.6634074717562388,0.7020740489870263,2.6536298870249553,-0.13333333333333375,-0.0033333333333332993,us,0,,,,,,,,,,,,,,,,,,,,,,,,,,,,,,,
2014-07-01,701680.9,0.4631183740468003,99.82251,,,4.7,98.74355,0.4370912873886468,-0.032624656955793,,0,0,3,0.0633183580296403,1.069225278201813,0.170859113121935,0.4069951832001095,0.1879103074766241,0.1568626664870009,-0.4880465288025881,0.0974189402097813,,,4.733333333333333,4.8,,,0.5662718181157267,0.7112836044962185,0.4275994831383745,0.4511926985865359,1.710397932553498,-0.033333333333333215,,germany,3,2.18018602168017,0.906794000434245,4.979,6.53898347110207,27.389383046964,2.18018602168017,2.18018602168017,0.906794000434245,0.906794000434245,4.979,4.979,6.53898347110207,6.53898347110207,27.389383046964,27.389383046964,0.0226,100.06473055555556,0.1925666666666666,0.1815666666666666,100.01783111111112,100.0797288888889,-0.1699666666666666,0.046899444444434835,101.82333333333334,-10.8,109.7,108.16666666666669,-9.566666666666668,-7.633333333333333,-7.876666666666665,-1.2333333333333325
2014-07-01,,1.8512228761,96.65285,,,,,3.490277245829088,,,0,0,3,2.244971741,1.2457002455,2.1126063469,1.6688728794,2.489758853481039,-1.252626042686522,,,,,,,,,1.7453359932499999,0.7065916507144728,1.8180378032000002,0.45418926621296624,7.272151212800001,,,india,1,7.41022760508854,6.66565671867899,7.656,-2.98625973083243,33.4660257489805,7.41022760508854,7.41022760508854,6.66565671867899,6.66565671867899,7.656,7.656,-2.98625973083243,-2.98625973083243,33.4660257489805,33.4660257489805,,,,,,,,,,,,,,,,
2014-07-01,,0.195781729125555,100.07638,,,3.5666666666666664,100.15680333333334,0.3737259003075088,-0.597230410932692,,0,0,3,-1.44001607272859,1.0469098332883,-0.140659883280025,0.948828805716784,2.4462984536384624,0.0348833264220083,-2.772957402975873,1.7854527137978415,,,3.633333333333333,3.6666666666666665,,,-0.196553119720145,1.7585221724530404,0.1037656707491173,1.1614155926240237,0.4150626829964692,-0.06666666666666643,,japan,2,0.296205514141889,2.75922671353253,3.589,-2.59412387169894,25.7720886257814,0.296205514141889,0.296205514141889,2.75922671353253,2.75922671353253,3.589,3.589,-2.59412387169894,-2.59412387169894,25.7720886257814,25.7720886257814,0.07,100.06473055555556,0.0666666666666666,0.0733333333333333,100.01783111111112,100.0797288888889,0.0033333333333334103,0.046899444444434835,,,,,,,,
2014-10-01,,1.4718663202,96.78036000000002,,,,,0.1318388072753862,,,0,0,4,1.8512228761,2.244971741,1.2457002455,2.1126063469,3.490277245829088,2.489758853481039,,,,,,,,,2.04809730855,0.2784224924552949,1.863625302375,0.44324630582262575,7.4545012095,,,india,1,7.41022760508854,6.66565671867899,7.656,-2.98625973083243,33.4660257489805,7.41022760508854,7.41022760508854,6.66565671867899,6.66565671867899,7.656,7.656,-2.98625973083243,-2.98625973083243,33.4660257489805,33.4660257489805,,,,,,,,,,,,,,,,
2014-10-01,,0.577950682825445,99.77093666666669,,,3.466666666666667,100.45676666666668,-0.3056769300307849,0.2990461282130319,,0,0,4,0.195781729125555,-1.44001607272859,1.0469098332883,-0.140659883280025,0.3737259003075088,2.4462984536384624,-0.597230410932692,-2.772957402975873,,,3.5666666666666664,3.633333333333333,,,-0.6221171718015175,1.1566837183411127,-0.08449609839868993,1.032670294979274,-0.33798439359475974,-0.09999999999999964,,japan,2,0.296205514141889,2.75922671353253,3.589,-2.59412387169894,25.7720886257814,0.296205514141889,0.296205514141889,2.75922671353253,2.75922671353253,3.589,3.589,-2.59412387169894,-2.59412387169894,25.7720886257814,25.7720886257814,0.0633333333333333,99.87086422619048,0.07,0.0666666666666666,100.06473055555556,100.01783111111112,-0.00666666666666671,-0.19386632936507908,,,,,,,,
2014-10-01,707575.5,0.83655953265378,99.54263,,,4.633333333333333,99.93557,-0.2807714366351632,1.199959314532606,,0,0,4,0.4631183740468003,0.0633183580296403,1.069225278201813,0.170859113121935,0.4370912873886468,0.1879103074766241,-0.032624656955793,-0.4880465288025881,,,4.7,4.733333333333333,,,0.2632183660382203,0.28270130244422437,0.4416302808500472,0.4512110205033845,1.7665211234001887,-0.06666666666666732,,germany,3,2.18018602168017,0.906794000434245,4.979,6.53898347110207,27.389383046964,2.18018602168017,2.18018602168017,0.906794000434245,0.906794000434245,4.979,4.979,6.53898347110207,6.53898347110207,27.389383046964,27.389383046964,-0.0153999999999999,99.87086422619048,0.0226,0.1925666666666666,100.06473055555556,100.01783111111112,-0.037999999999999895,-0.19386632936507908,76.40333333333334,-11.1,101.82333333333334,109.7,-10.8,-9.566666666666668,-25.42,-0.29999999999999893
2014-10-01,18500.031,0.5044586015433339,236.8883333333333,11652.2,0.0999999999999999,5.7,103.4978,-0.2487528511981196,0.5481456571783561,1.4569267438707456,0,0,4,1.2080648325781596,1.283569022914932,-0.3456928149660143,0.8679640238263175,0.2555073165354748,0.5296736146774172,0.5470640320588416,1.3573786923290143,1.2662926531696428,1.3891887371231704,6.066666666666666,6.2,0.09,0.0933333333333333,1.2458169277465458,0.053389524995141456,0.7534762660883487,0.7547470240729736,3.013905064353395,-0.36666666666666625,0.009999999999999898,us,0,,,,,,,,,,,,,,,,,,,,,,,,,,,,,,,
2015-01-01,18666.621,0.8964547876924911,235.355,11882.0,0.11,5.533333333333334,102.33846666666666,-0.6493850155202097,-1.1264735913441015,1.952964654837963,0,0,1,0.5044586015433339,1.2080648325781596,1.283569022914932,-0.3456928149660143,-0.2487528511981196,0.2555073165354748,0.5481456571783561,0.5470640320588416,1.4569267438707456,1.2662926531696428,5.7,6.066666666666666,0.0999999999999999,0.09,0.8562617170607467,0.4975247372498344,0.6625999105176028,0.7582430379100824,2.6503996420704112,-0.16666666666666607,0.010000000000000106,us,0,,,,,,,,,,,,,,,,,,,,,,,,,,,,,,,
2015-01-01,706083.5,-0.2110835150460843,99.14986,,,4.5,99.29124,-0.3953551657654763,-0.6468328700575121,,0,0,1,0.83655953265378,0.4631183740468003,0.0633183580296403,1.069225278201813,-0.2807714366351632,0.4370912873886468,1.199959314532606,-0.032624656955793,,,4.633333333333333,4.7,,,0.6498389533502902,0.2640627756251566,0.6080553857330084,0.4406952770291165,2.4322215429320337,-0.13333333333333286,,germany,3,1.66300602334775,0.514426137125456,4.612,7.41421366167481,27.624739160072,2.18018602168017,2.18018602168017,0.906794000434245,0.906794000434245,4.979,4.979,6.53898347110207,6.53898347110207,27.389383046964,27.389383046964,-0.0456666666666666,99.75784845238095,-0.0153999999999999,0.0226,99.87086422619048,100.06473055555556,-0.0302666666666667,-0.1130157738095221,53.91666666666666,-11.866666666666664,76.40333333333334,101.82333333333334,-11.1,-10.8,-22.48666666666668,-0.7666666666666639
2015-01-01,,1.7576442882,97.03538666666668,,,,,0.2631641837527176,,,0,0,1,1.4718663202,1.8512228761,2.244971741,1.2457002455,0.1318388072753862,3.490277245829088,,,,,,,,,1.6615445981499999,0.2682455931644652,1.7034402957,0.4390324426145777,6.8137611828,,,india,1,7.99625378571471,4.90697344127256,7.629,-2.29653555305562,32.4539241111902,7.41022760508854,7.41022760508854,6.66565671867899,6.66565671867899,7.656,7.656,-2.98625973083243,-2.98625973083243,33.4660257489805,33.4660257489805,,,,,,,,,,,,,,,,
2015-01-01,,1.61095677445962,99.53338666666666,,,3.5,100.59010333333332,-0.2383792870282342,0.1326423895243955,,0,0,1,0.577950682825445,0.195781729125555,-1.44001607272859,1.0469098332883,-0.3056769300307849,0.3737259003075088,0.2990461282130319,-0.597230410932692,,,3.466666666666667,3.5666666666666664,,,0.38686620597550003,0.27023425872014983,0.09515654312767757,1.0810187934213042,0.3806261725107103,0.033333333333333215,,japan,2,1.56062669680782,0.795279630579839,3.385,-0.553888679174094,28.1789158205035,0.296205514141889,0.296205514141889,2.75922671353253,2.75922671353253,3.589,3.589,-2.59412387169894,-2.59412387169894,25.7720886257814,25.7720886257814,0.0733333333333333,99.75784845238095,0.0633333333333333,0.07,99.87086422619048,100.06473055555556,0.010000000000000009,-0.1130157738095221,,,,,,,,
2015-04-01,,2.1058945562,98.82053,,,,,1.8229653717410697,,,0,0,2,1.7576442882,1.4718663202,1.8512228761,2.244971741,0.2631641837527176,0.1318388072753862,,,,,,,,,1.6147553042,0.2020755390865146,1.831426306375,0.3194468659710634,7.3257052255,,,india,1,7.99625378571471,4.90697344127256,7.629,-2.29653555305562,32.4539241111902,7.99625378571471,7.41022760508854,4.90697344127256,6.66565671867899,7.629,7.656,-2.29653555305562,-2.98625973083243,32.4539241111902,33.4660257489805,,,,,,,,,,,,,,,,
2015-04-01,710504.4,0.6241637885596063,100.35003333333334,,,4.4,100.5155,1.2031964450237354,1.2254594825730436,,0,0,2,-0.2110835150460843,0.83655953265378,0.4631183740468003,0.0633183580296403,-0.3953551657654763,-0.2807714366351632,-0.6468328700575121,1.199959314532606,,,4.5,4.633333333333333,,,0.31273800880384783,0.7407955032915159,0.2879781874210341,0.4586757021106993,1.1519127496841364,-0.09999999999999964,,germany,3,1.66300602334775,0.514426137125456,4.612,7.41421366167481,27.624739160072,1.66300602334775,2.18018602168017,0.514426137125456,0.906794000434245,4.612,4.979,7.41421366167481,6.53898347110207,27.624739160072,27.389383046964,-0.0996,99.90338857142858,-0.0456666666666666,-0.0153999999999999,99.75784845238095,99.87086422619048,-0.053933333333333396,0.14554011904762376,61.693333333333335,-10.766666666666666,53.91666666666666,76.40333333333334,-11.866666666666664,-11.1,7.776666666666678,1.0999999999999979
2015-04-01,,0.059578866991816,100.28000000000002,,,3.3666666666666667,99.95682666666666,0.7473141019365137,-0.631551698705568,,0,0,2,1.61095677445962,0.577950682825445,0.195781729125555,-1.44001607272859,-0.2383792870282342,-0.3056769300307849,0.1326423895243955,0.2990461282130319,,,3.5,3.466666666666667,,,1.0944537286425327,0.7304456124015326,0.23616827842050758,1.267291557246316,0.9446731136820303,-0.1333333333333333,,japan,2,1.56062669680782,0.795279630579839,3.385,-0.553888679174094,28.1789158205035,1.56062669680782,0.296205514141889,0.795279630579839,2.75922671353253,3.385,3.589,-0.553888679174094,-2.59412387169894,28.1789158205035,25.7720886257814,0.0666666666666666,99.90338857142858,0.0733333333333333,0.0633333333333333,99.75784845238095,99.87086422619048,-0.00666666666666671,0.14554011904762376,,,,,,,,
2015-04-01,18782.243,0.6174946582536478,236.96,11985.4,0.1233333333333333,5.433333333333334,100.9316,0.679633794368506,-1.38425608312156,0.8664592448011987,0,0,2,0.8964547876924911,0.5044586015433339,1.2080648325781596,1.283569022914932,-0.6493850155202097,-0.2487528511981196,-1.1264735913441015,0.5481456571783561,1.952964654837963,1.4569267438707456,5.533333333333334,5.7,0.11,0.0999999999999999,0.7004566946179125,0.27718316142533383,0.9731368111822292,0.3545413611202814,3.8925472447289167,-0.10000000000000053,0.013333333333333294,us,0,,,,,,,,,,,,,,,,,,,,,,,,,,,,,,,
2015-07-01,18857.418,0.3994462115690211,237.855,12115.433333333334,0.1366666666666667,5.1000000000000005,101.00473333333332,0.3769893790151357,0.0724320733406003,1.0790879578525647,0,0,3,0.6174946582536478,0.8964547876924911,0.5044586015433339,1.2080648325781596,0.679633794368506,-0.6493850155202097,-1.38425608312156,-1.1264735913441015,0.8664592448011987,1.952964654837963,5.433333333333334,5.533333333333334,0.1233333333333333,0.11,0.7569747229730694,0.19725459920688415,0.8066182200169081,0.31427066268783393,3.2264728800676323,-0.33333333333333304,0.013333333333333391,us,0,,,,,,,,,,,,,,,,,,,,,,,,,,,,,,,
2015-07-01,714041.1,0.496538336816954,100.5501,,,4.3,100.3544,0.1991703335223249,-0.1604023644568464,,0,0,3,0.6241637885596063,-0.2110835150460843,0.83655953265378,0.4631183740468003,1.2031964450237354,-0.3953551657654763,1.2254594825730436,-0.6468328700575121,,,4.4,4.5,,,0.20654013675676097,0.5906090323473631,0.4281895450535256,0.45279208597117215,1.7127581802141023,-0.10000000000000053,,germany,3,1.66300602334775,0.514426137125456,4.612,7.41421366167481,27.624739160072,1.66300602334775,1.66300602334775,0.514426137125456,0.514426137125456,4.612,4.612,7.41421366167481,7.41421366167481,27.624739160072,27.624739160072,-0.1249,100.16189194444443,-0.0996,-0.0456666666666666,99.90338857142858,99.75784845238095,-0.025300000000000003,0.2585033730158557,50.23333333333333,-9.2,61.693333333333335,53.91666666666666,-10.766666666666666,-11.866666666666664,-11.460000000000008,1.5666666666666664
2015-07-01,,1.8768766847,101.11573333333332,,,,,2.2960358725518937,,,0,0,3,2.1058945562,1.7576442882,1.4718663202,1.8512228761,1.8229653717410697,0.2631641837527176,,,,,,,,,1.9317694222,0.2462501260528322,1.7966570101750001,0.2617990822278596,7.1866280407000005,,,india,1,7.99625378571471,4.90697344127256,7.629,-2.29653555305562,32.4539241111902,7.99625378571471,7.99625378571471,4.90697344127256,4.90697344127256,7.629,7.629,-2.29653555305562,-2.29653555305562,32.4539241111902,32.4539241111902,,,,,,,,,,,,,,,,
2015-07-01,,0.147135415741251,100.1782,,,3.3666666666666667,99.89016,-0.101567318025797,-0.0667177126375762,,0,0,3,0.059578866991816,1.61095677445962,0.577950682825445,0.195781729125555,0.7473141019365137,-0.2383792870282342,-0.631551698705568,0.1326423895243955,,,3.3666666666666667,3.5,,,0.835267820725718,1.0969898385534775,0.611067013350609,0.7017780438729011,2.444268053402436,0.0,,japan,2,1.56062669680782,0.795279630579839,3.385,-0.553888679174094,28.1789158205035,1.56062669680782,1.56062669680782,0.795279630579839,0.795279630579839,3.385,3.385,-0.553888679174094,-0.553888679174094,28.1789158205035,28.1789158205035,0.0733333333333333,100.16189194444443,0.0666666666666666,0.0733333333333333,99.90338857142858,99.75784845238095,0.00666666666666671,0.2585033730158557,,,,,,,,
2015-10-01,18892.206,0.1843091727105061,237.837,12314.9,0.16,5.033333333333333,99.613,-0.0075679221044566,-1.387470226797305,1.632978940080143,0,0,4,0.3994462115690211,0.6174946582536478,0.8964547876924911,0.5044586015433339,0.3769893790151357,0.679633794368506,0.0724320733406003,-1.38425608312156,1.0790879578525647,0.8664592448011987,5.1000000000000005,5.433333333333334,0.1366666666666667,0.1233333333333333,0.5084704349113345,0.15418353527789314,0.6044635647646234,0.21405746225772612,2.4178542590584935,-0.06666666666666732,0.023333333333333317,us,0,,,,,,,,,,,,,,,,,,,,,,,,,,,,,,,
2015-10-01,717798.8,0.5248783229134801,99.94998,,,4.2,99.83892,-0.5986249901912544,-0.5149833563318218,,0,0,4,0.496538336816954,0.6241637885596063,-0.2110835150460843,0.83655953265378,0.1991703335223249,1.2031964450237354,-0.1604023644568464,1.2254594825730436,,,4.3,4.4,,,0.5603510626882802,0.09024482237922689,0.436544535746064,0.45395826905020153,1.746178142984256,-0.09999999999999964,,germany,3,1.66300602334775,0.514426137125456,4.612,7.41421366167481,27.624739160072,1.66300602334775,1.66300602334775,0.514426137125456,0.514426137125456,4.612,4.612,7.41421366167481,7.41421366167481,27.624739160072,27.624739160072,-0.1575333333333333,81.48291701111111,-0.1249,-0.0996,100.16189194444443,99.90338857142858,-0.032633333333333306,-18.678974933333322,43.57,-6.1000000000000005,50.23333333333333,61.693333333333335,-9.2,-10.766666666666666,-6.663333333333327,3.0999999999999988
2015-10-01,,2.0355483628,103.0284,,,,,1.873894296342904,,,0,0,4,1.8768766847,2.1058945562,1.7576442882,1.4718663202,2.2960358725518937,1.8229653717410697,,,,,,,,,1.99138562045,0.1619400899505584,1.8030704623250005,0.2638872937125995,7.212281849300002,,,india,1,7.99625378571471,4.90697344127256,7.629,-2.29653555305562,32.4539241111902,7.99625378571471,7.99625378571471,4.90697344127256,4.90697344127256,7.629,7.629,-2.29653555305562,-2.29653555305562,32.4539241111902,32.4539241111902,,,,,,,,,,,,,,,,
2015-10-01,,-0.192167464171622,100.00849333333332,,,3.266666666666667,99.55687,-0.1695484395042079,-0.3342143628163541,,0,0,4,0.147135415741251,0.059578866991816,1.61095677445962,0.577950682825445,-0.101567318025797,0.7473141019365137,-0.0667177126375762,-0.631551698705568,,,3.3666666666666667,3.3666666666666667,,,0.1033571413665335,0.06191182935797757,0.5989054350045331,0.7117247390672986,2.3956217400181323,-0.09999999999999964,,japan,2,1.56062669680782,0.795279630579839,3.385,-0.553888679174094,28.1789158205035,1.56062669680782,1.56062669680782,0.795279630579839,0.795279630579839,3.385,3.385,-0.553888679174094,-0.553888679174094,28.1789158205035,28.1789158205035,0.0766666666666666,81.48291701111111,0.0733333333333333,0.0666666666666666,100.16189194444443,99.90338857142858,0.0033333333333332993,-18.678974933333322,,,,,,,,
2016-01-01,19001.69,0.5778466518471248,237.6893333333333,12596.266666666668,0.36,4.9,98.9716,-0.0621066220993782,-0.6459737868611093,2.2590562395826908,0,0,1,0.1843091727105061,0.3994462115690211,0.6174946582536478,0.8964547876924911,-0.0075679221044566,0.3769893790151357,-1.387470226797305,0.0724320733406003,1.632978940080143,1.0790879578525647,5.033333333333333,5.1000000000000005,0.16,0.1366666666666667,0.2918776921397636,0.1521248590612491,0.5244262075564166,0.3046126489727736,2.0977048302256662,-0.13333333333333286,0.19999999999999998,us,0,,,,,,,,,,,,,,,,,,,,,,,,,,,,,,,
2016-01-01,,2.8276125859,102.51833333333332,,,,,-0.4963034005735167,,,0,0,1,2.0355483628,1.8768766847,2.1058945562,1.7576442882,1.873894296342904,2.2960358725518937,,,,,,,,,1.95621252375,0.1121978195667583,1.9439909729750005,0.15687037165545156,7.775963891900002,,,india,1,8.25630550179086,4.94821634062141,7.611,-1.76601589208677,31.7264147403683,7.99625378571471,7.99625378571471,4.90697344127256,4.90697344127256,7.629,7.629,-2.29653555305562,-2.29653555305562,32.4539241111902,32.4539241111902,,,,,,,,,,,,,,,,
2016-01-01,723988.4,0.8586063220672457,99.44991666666664,,,4.066666666666666,100.9021,-0.5015693488722661,1.0592652573892636,,0,0,1,0.5248783229134801,0.496538336816954,0.6241637885596063,-0.2110835150460843,-0.5986249901912544,0.1991703335223249,-0.5149833563318218,-0.1604023644568464,,,4.2,4.3,,,0.5107083298652171,0.0200393963475905,0.358624233310989,0.3837268543270198,1.434496933243956,-0.13333333333333375,,germany,3,2.22222216259371,0.491747008445174,4.104,7.2650936871129,28.6547979791762,1.66300602334775,1.66300602334775,0.514426137125456,0.514426137125456,4.612,4.612,7.41421366167481,7.41421366167481,27.624739160072,27.624739160072,-0.2556,85.38108664285716,-0.1575333333333333,-0.1249,81.48291701111111,100.16189194444443,-0.09806666666666669,3.8981696317460433,33.696666666666665,-4.0,43.57,50.23333333333333,-6.1000000000000005,-9.2,-9.873333333333335,2.1000000000000005
2016-01-01,,0.868462296762496,99.56732333333332,,,3.233333333333333,99.89016,-0.4421083936520631,0.3342143628163541,,0,0,1,-0.192167464171622,0.147135415741251,0.059578866991816,1.61095677445962,-0.1695484395042079,-0.101567318025797,-0.3342143628163541,-0.0667177126375762,,,3.266666666666667,3.3666666666666667,,,-0.022516024215185504,0.23992336726250796,0.4063758982552663,0.8158314884602443,1.6255035930210653,-0.0333333333333341,,japan,2,0.753826745789127,-0.127258844489754,3.132,0.805691626531189,28.7272416114128,1.56062669680782,1.56062669680782,0.795279630579839,0.795279630579839,3.385,3.385,-0.553888679174094,-0.553888679174094,28.1789158205035,28.1789158205035,0.0323333333333333,85.38108664285716,0.0766666666666666,0.0733333333333333,81.48291701111111,100.16189194444443,-0.04433333333333331,3.8981696317460433,,,,,,,,
2016-04-01,,-0.341818149784778,99.90667666666666,,,3.1666666666666665,99.02359,0.3402485143143785,-0.8713077726684837,,0,0,2,0.868462296762496,-0.192167464171622,0.147135415741251,0.059578866991816,-0.4421083936520631,-0.1695484395042079,0.3342143628163541,-0.3342143628163541,,,3.233333333333333,3.266666666666667,,,0.338147416295437,0.7499784962847781,0.2207522788309853,0.4551290266525988,0.8830091153239412,-0.06666666666666643,,japan,2,0.753826745789127,-0.127258844489754,3.132,0.805691626531189,28.7272416114128,0.753826745789127,1.56062669680782,-0.127258844489754,0.795279630579839,3.132,3.385,0.805691626531189,-0.553888679174094,28.7272416114128,28.1789158205035,-0.0499999999999999,80.87824883095239,0.0323333333333333,0.0766666666666666,85.38108664285716,81.48291701111111,-0.0823333333333332,-4.502837811904769,,,,,,,,
2016-04-01,19062.709,0.3206095662672936,239.5903333333333,12797.3,0.3733333333333333,4.933333333333334,98.64793333333334,0.7966021540333657,-0.3275657528558184,1.5833737418413207,0,0,2,0.5778466518471248,0.1843091727105061,0.3994462115690211,0.6174946582536478,-0.0621066220993782,-0.0075679221044566,-0.6459737868611093,-1.387470226797305,2.2590562395826908,1.632978940080143,4.9,5.033333333333333,0.36,0.16,0.3810779122788155,0.2782730201485624,0.444774173595075,0.19785288399554923,1.7790966943803,0.033333333333333215,0.013333333333333308,us,0,,,,,,,,,,,,,,,,,,,,,,,,,,,,,,,
2016-04-01,,1.8543485856,104.941,,,,,2.3356643094756717,,,0,0,2,2.8276125859,2.0355483628,1.8768766847,2.1058945562,-0.4963034005735167,1.873894296342904,,,,,,,,,2.43158047435,0.5600739832892626,2.2114830474000002,0.42177362367773524,8.845932189600001,,,india,1,8.25630550179086,4.94821634062141,7.611,-1.76601589208677,31.7264147403683,8.25630550179086,7.99625378571471,4.94821634062141,4.90697344127256,7.611,7.629,-1.76601589208677,-2.29653555305562,31.7264147403683,32.4539241111902,,,,,,,,,,,,,,,,
2016-04-01,726051.4,0.2845441058831,100.48343333333332,,,4.0,100.5155,1.0338704099108753,-0.3838795366005954,,0,0,2,0.8586063220672457,0.5248783229134801,0.496538336816954,0.6241637885596063,-0.5015693488722661,-0.5986249901912544,1.0592652573892636,-0.5149833563318218,,,4.066666666666666,4.2,,,0.6917423224903629,0.23598133127344642,0.6260466925893216,0.16441307716462913,2.504186770357286,-0.06666666666666643,,germany,3,2.22222216259371,0.491747008445174,4.104,7.2650936871129,28.6547979791762,2.22222216259371,1.66300602334775,0.491747008445174,0.514426137125456,4.104,4.612,7.2650936871129,7.41421366167481,28.6547979791762,27.624739160072,-0.3361,80.87824883095239,-0.2556,-0.1575333333333333,85.38108664285716,81.48291701111111,-0.08050000000000002,-4.502837811904769,45.52333333333333,-1.2,33.696666666666665,43.57,-4.0,-6.1000000000000005,11.826666666666668,2.8
2016-07-01,,0.224788665064568,99.70306666666666,,,3.033333333333333,100.42346333333334,-0.2040081483173139,1.4037773915526408,,0,0,3,-0.341818149784778,0.868462296762496,-0.192167464171622,0.147135415741251,0.3402485143143785,-0.4421083936520631,-0.8713077726684837,0.3342143628163541,,,3.1666666666666665,3.233333333333333,,,0.263322073488859,0.8557975108910573,0.1204030246368368,0.5390287623448256,0.4816120985473472,-0.1333333333333333,,japan,2,0.753826745789127,-0.127258844489754,3.132,0.805691626531189,28.7272416114128,0.753826745789127,0.753826745789127,-0.127258844489754,-0.127258844489754,3.132,3.132,0.805691626531189,0.805691626531189,28.7272416114128,28.7272416114128,-0.0459999999999999,84.29938473809524,-0.0499999999999999,0.0323333333333333,80.87824883095239,85.38108664285716,0.003999999999999997,3.4211359071428546,,,,,,,,
2016-07-01,728998.7,0.4051137525577175,101.05016666666668,,,3.8666666666666663,100.8698,0.5624221740052171,0.3518631851899378,,0,0,3,0.2845441058831,0.8586063220672457,0.5248783229134801,0.496538336816954,1.0338704099108753,-0.5015693488722661,-0.3838795366005954,1.0592652573892636,,,4.0,4.066666666666666,,,0.5715752139751729,0.4059232858867875,0.541141771920195,0.23726221009139475,2.16456708768078,-0.13333333333333375,,germany,3,2.22222216259371,0.491747008445174,4.104,7.2650936871129,28.6547979791762,2.22222216259371,2.22222216259371,0.491747008445174,0.491747008445174,4.104,4.104,7.2650936871129,7.2650936871129,28.6547979791762,28.6547979791762,-0.3368666666666666,84.29938473809524,-0.3361,-0.2556,80.87824883095239,85.38108664285716,-0.0007666666666665822,3.4211359071428546,45.78666666666667,2.4,45.52333333333333,33.696666666666665,-1.2,-4.0,0.2633333333333354,3.5999999999999996
2016-07-01,19197.938,0.7068859191104337,240.60733333333332,12982.233333333332,0.3966666666666666,4.9,98.86496666666666,0.4235762025319722,0.2197663248165504,1.4347544879102614,0,0,3,0.3206095662672936,0.5778466518471248,0.1843091727105061,0.3994462115690211,0.7966021540333657,-0.0621066220993782,-0.3275657528558184,-0.6459737868611093,1.5833737418413207,2.2590562395826908,4.933333333333334,4.9,0.3733333333333333,0.36,0.4492281090572092,0.18189408758616288,0.3705529005984864,0.16430316039494608,1.4822116023939456,-0.033333333333333215,0.023333333333333317,us,0,,,,,,,,,,,,,,,,,,,,,,,,,,,,,,,
2016-07-01,,2.245463776,106.47113333333334,,,,,1.4475612427915507,,,0,0,3,1.8543485856,2.8276125859,2.0355483628,1.8768766847,2.3356643094756717,-0.4963034005735167,,,,,,,,,2.3409805857499997,0.6882015744968747,2.14859655475,0.4598029358289458,8.594386219,,,india,1,8.25630550179086,4.94821634062141,7.611,-1.76601589208677,31.7264147403683,8.25630550179086,8.25630550179086,4.94821634062141,4.94821634062141,7.611,7.611,-1.76601589208677,-1.76601589208677,31.7264147403683,31.7264147403683,,,,,,,,,,,,,,,,
2016-10-01,,1.3450327608,105.83356666666668,,,,,-0.6006165509274908,,,0,0,4,2.245463776,1.8543485856,2.8276125859,2.0355483628,1.4475612427915507,2.3356643094756717,,,,,,,,,2.0499061808,0.27656020335690557,2.240743327575,0.4226281577601488,8.9629733103,,,india,1,8.25630550179086,4.94821634062141,7.611,-1.76601589208677,31.7264147403683,8.25630550179086,8.25630550179086,4.94821634062141,4.94821634062141,7.611,7.611,-1.76601589208677,-1.76601589208677,31.7264147403683,31.7264147403683,,,,,,,,,,,,,,,,
2016-10-01,19304.352,0.5527685286210726,242.13466666666667,13193.1,0.45,4.766666666666667,98.71053333333332,0.6327762778487234,-0.1563284564984002,1.611220959583548,0,0,4,0.7068859191104337,0.3206095662672936,0.5778466518471248,0.1843091727105061,0.4235762025319722,0.7966021540333657,0.2197663248165504,-0.3275657528558184,1.4347544879102614,1.5833737418413207,4.9,4.933333333333334,0.3966666666666666,0.3733333333333333,0.5137477426888637,0.27313862850739207,0.44741282748383954,0.2377967395532949,1.7896513099353581,-0.13333333333333375,0.0533333333333334,us,0,,,,,,,,,,,,,,,,,,,,,,,,,,,,,,,
2016-10-01,732314.3,0.4537844650087663,100.98353333333334,,,3.7000000000000006,100.9665,-0.0659625951010767,0.0958202339210956,,0,0,4,0.4051137525577175,0.2845441058831,0.8586063220672457,0.5248783229134801,0.5624221740052171,1.0338704099108753,0.3518631851899378,-0.3838795366005954,,,3.8666666666666663,4.0,,,0.34482892922040875,0.08525561476888906,0.5182856258553858,0.24718725087760585,2.0731425034215434,-0.16666666666666563,,germany,3,2.22222216259371,0.491747008445174,4.104,7.2650936871129,28.6547979791762,2.22222216259371,2.22222216259371,0.491747008445174,0.491747008445174,4.104,4.104,7.2650936871129,7.2650936871129,28.6547979791762,28.6547979791762,-0.3485666666666667,96.93566044444444,-0.3368666666666666,-0.3361,84.29938473809524,80.87824883095239,-0.0117000000000001,12.636275706349196,49.18666666666667,3.233333333333333,45.78666666666667,45.52333333333333,2.4,-1.2,3.3999999999999986,0.833333333333333
2016-10-01,,0.01573431168389,100.31393333333334,,,3.0,101.55666666666669,0.6108166465214282,1.1221056483560865,,0,0,4,0.224788665064568,-0.341818149784778,0.868462296762496,-0.192167464171622,-0.2040081483173139,0.3402485143143785,1.4037773915526408,-0.8713077726684837,,,3.033333333333333,3.1666666666666665,,,-0.058514742360104996,0.40065152104647744,0.13981633696766604,0.541704179516125,0.5592653478706642,-0.033333333333333215,,japan,2,0.753826745789127,-0.127258844489754,3.132,0.805691626531189,28.7272416114128,0.753826745789127,0.753826745789127,-0.127258844489754,-0.127258844489754,3.132,3.132,0.805691626531189,0.805691626531189,28.7272416114128,28.7272416114128,-0.0433333333333333,96.93566044444444,-0.0459999999999999,-0.0499999999999999,84.29938473809524,80.87824883095239,0.002666666666666602,12.636275706349196,,,,,,,,
2017-01-01,,0.8651166129,104.941,,,,,-0.84694469186406,,,0,0,1,1.3450327608,2.245463776,1.8543485856,2.8276125859,-0.6006165509274908,1.4475612427915507,,,,,,,,,1.7952482684,0.6367008768386071,2.0681144270750003,0.6263207846642259,8.272457708300001,,,india,1,6.79538341897911,3.32817337461298,7.626,-3.15896727592607,31.7067531706123,8.25630550179086,8.25630550179086,4.94821634062141,4.94821634062141,7.611,7.611,-1.76601589208677,-1.76601589208677,31.7264147403683,31.7264147403683,,,,,,,,,,,,,,,,
2017-01-01,741708.8,1.2746919915016974,101.08353333333332,,,3.633333333333333,101.4497,0.0989770473866613,0.4774330491802203,,0,0,1,0.4537844650087663,0.4051137525577175,0.2845441058831,0.8586063220672457,-0.0659625951010767,0.5624221740052171,0.0958202339210956,0.3518631851899378,,,3.7000000000000006,3.8666666666666663,,,0.4294491087832419,0.03441539081931936,0.5005121613792074,0.24910370191776432,2.0020486455168296,-0.06666666666666776,,germany,3,2.797906720551,1.50949485109628,3.781,6.95107572207338,28.6566319463924,2.22222216259371,2.22222216259371,0.491747008445174,0.491747008445174,4.104,4.104,7.2650936871129,7.2650936871129,28.6547979791762,28.6547979791762,-0.3525999999999999,91.23531416060604,-0.3485666666666667,-0.3368666666666666,96.93566044444444,84.29938473809524,-0.004033333333333222,-5.7003462838384,53.68,6.166666666666667,49.18666666666667,45.78666666666667,3.233333333333333,2.4,4.493333333333332,2.933333333333334
2017-01-01,19398.343,0.4857087331036069,243.83866666666663,13392.9,0.7000000000000001,4.566666666666666,98.71313333333336,0.7012759205097474,0.0026339294007193,1.5030750140020643,0,0,1,0.5527685286210726,0.7068859191104337,0.3206095662672936,0.5778466518471248,0.6327762778487234,0.4235762025319722,-0.1563284564984002,0.2197663248165504,1.611220959583548,1.4347544879102614,4.766666666666667,4.9,0.45,0.3966666666666666,0.6298272238657532,0.10897745191380331,0.5395276664614812,0.1608079438274716,2.158110665845925,-0.20000000000000018,0.25000000000000006,us,0,,,,,,,,,,,,,,,,,,,,,,,,,,,,,,,
2017-01-01,,0.728214713464248,99.90667666666666,,,2.9,101.19003333333336,-0.4068084982041142,-0.3616667822186947,,0,0,1,0.01573431168389,0.224788665064568,-0.341818149784778,0.868462296762496,0.6108166465214282,-0.2040081483173139,1.1221056483560865,1.4037773915526408,,,3.0,3.033333333333333,,,0.120261488374229,0.14782375091202968,0.19179178093154406,0.5081691227647147,0.7671671237261762,-0.10000000000000009,,japan,2,1.67533175173359,0.484199796126385,2.822,0.75966463739868,29.2896490905596,0.753826745789127,0.753826745789127,-0.127258844489754,-0.127258844489754,3.132,3.132,0.805691626531189,0.805691626531189,28.7272416114128,28.7272416114128,-0.0416666666666666,91.23531416060604,-0.0433333333333333,-0.0459999999999999,96.93566044444444,84.29938473809524,0.0016666666666666982,-5.7003462838384,,,,,,,,
2017-04-01,,1.9780137671,106.47113333333334,,,,,1.4475612427915507,,,0,0,2,0.8651166129,1.3450327608,2.245463776,1.8543485856,-0.84694469186406,-0.6006165509274908,,,,,,,,,1.1050746868499999,0.3393519625810199,1.577490433825,0.6012076326162742,6.3099617353,,,india,1,6.79538341897911,3.32817337461298,7.626,-3.15896727592607,31.7067531706123,6.79538341897911,8.25630550179086,3.32817337461298,4.94821634062141,7.626,7.611,-3.15896727592607,-1.76601589208677,31.7067531706123,31.7264147403683,,,,,,,,,,,,,,,,
2017-04-01,747308.8,0.752177328543091,101.917,,,3.5666666666666664,103.4472,0.8211518820143482,1.949822846397531,,0,0,2,1.2746919915016974,0.4537844650087663,0.4051137525577175,0.2845441058831,0.0989770473866613,-0.0659625951010767,0.4774330491802203,0.0958202339210956,,,3.633333333333333,3.7000000000000006,,,0.8642382282552319,0.5804692787102271,0.6045335787378203,0.4524006790813652,2.4181343149512813,-0.06666666666666643,,germany,3,2.797906720551,1.50949485109628,3.781,6.95107572207338,28.6566319463924,2.797906720551,2.22222216259371,1.50949485109628,0.491747008445174,3.781,4.104,6.95107572207338,7.2650936871129,28.6566319463924,28.6547979791762,-0.3581666666666667,92.6219512902098,-0.3525999999999999,-0.3485666666666667,91.23531416060604,96.93566044444444,-0.005566666666666775,1.3866371296037556,49.67,11.4,53.68,49.18666666666667,6.166666666666667,3.233333333333333,-4.009999999999998,5.233333333333333
2017-04-01,19506.949,0.5583111012978037,244.12,13554.9,0.95,4.366666666666667,100.1701,0.1153103259454724,1.465174018440063,1.2023389781797178,0,0,2,0.4857087331036069,0.5527685286210726,0.7068859191104337,0.3206095662672936,0.7012759205097474,0.6327762778487234,0.0026339294007193,-0.1563284564984002,1.5030750140020643,1.611220959583548,4.566666666666666,4.766666666666667,0.7000000000000001,0.45,0.5192386308623398,0.04741843615538386,0.5164931867756017,0.16008681844888117,2.065972747102407,-0.1999999999999993,0.2499999999999999,us,0,,,,,,,,,,,,,,,,,,,,,,,,,,,,,,,
2017-04-01,,0.321536821340995,100.31393333333334,,,2.8666666666666667,102.98986666666669,0.4068084982041142,1.763033435786987,,0,0,2,0.728214713464248,0.01573431168389,0.224788665064568,-0.341818149784778,-0.4068084982041142,0.6108166465214282,-0.3616667822186947,1.1221056483560865,,,2.9,3.0,,,0.371974512574069,0.5037997235614017,0.15672988510698208,0.44708567463488413,0.6269195404279283,-0.033333333333333215,,japan,2,1.67533175173359,0.484199796126385,2.822,0.75966463739868,29.2896490905596,1.67533175173359,0.753826745789127,0.484199796126385,-0.127258844489754,2.822,3.132,0.75966463739868,0.805691626531189,29.2896490905596,28.7272416114128,-0.0543333333333333,92.6219512902098,-0.0416666666666666,-0.0433333333333333,91.23531416060604,96.93566044444444,-0.012666666666666701,1.3866371296037556,,,,,,,,
2017-07-01,753645.7,0.8443877081159457,102.6171,,,3.466666666666667,105.1546,0.6845828976214108,1.6370310610198224,,0,0,3,0.752177328543091,1.2746919915016974,0.4537844650087663,0.4051137525577175,0.8211518820143482,0.0989770473866613,1.949822846397531,0.4774330491802203,,,3.5666666666666664,3.633333333333333,,,1.0134346600223942,0.36947366144743404,0.7214418844028181,0.39947228927036504,2.8857675376112724,-0.09999999999999964,,germany,3,2.797906720551,1.50949485109628,3.781,6.95107572207338,28.6566319463924,2.797906720551,2.797906720551,1.50949485109628,1.50949485109628,3.781,3.781,6.95107572207338,6.95107572207338,28.6566319463924,28.6566319463924,-0.3577999999999999,93.61603003571427,-0.3581666666666667,-0.3525999999999999,92.6219512902098,91.23531416060604,0.0003666666666667928,0.9940787455044813,52.10999999999999,12.1,49.67,53.68,11.4,6.166666666666667,2.4399999999999906,0.6999999999999993
2017-07-01,,1.13791595873065,100.31393333333334,,,2.7999999999999994,102.95653333333333,0.0,-0.0323708825446189,,0,0,3,0.321536821340995,0.728214713464248,0.01573431168389,0.224788665064568,0.4068084982041142,-0.4068084982041142,1.763033435786987,-0.3616667822186947,,,2.8666666666666667,2.9,,,0.5248757674026215,0.28756469527899337,0.32256862788842533,0.2990306729519435,1.2902745115537013,-0.06666666666666732,,japan,2,1.67533175173359,0.484199796126385,2.822,0.75966463739868,29.2896490905596,1.67533175173359,1.67533175173359,0.484199796126385,0.484199796126385,2.822,2.822,0.75966463739868,0.75966463739868,29.2896490905596,29.2896490905596,-0.0536666666666666,93.61603003571427,-0.0543333333333333,-0.0416666666666666,92.6219512902098,91.23531416060604,0.0006666666666667043,0.9940787455044813,,,,,,,,
2017-07-01,19660.766,0.785431525684821,245.287,13692.166666666666,1.153333333333333,4.333333333333333,99.8649,0.4769045852770937,-0.3051468361251253,1.0075787580154485,0,0,3,0.5583111012978037,0.4857087331036069,0.5527685286210726,0.7068859191104337,0.1153103259454724,0.7012759205097474,1.465174018440063,0.0026339294007193,1.2023389781797178,1.5030750140020643,4.366666666666667,4.566666666666666,0.95,0.7000000000000001,0.5220099172007053,0.05133762688031967,0.5759185705332293,0.09333846755372485,2.303674282132917,-0.0333333333333341,0.20333333333333314,us,0,,,,,,,,,,,,,,,,,,,,,,,,,,,,,,,
2017-07-01,,1.6881025887,109.0214,,,,,2.367029333821691,,,0,0,3,1.9780137671,0.8651166129,1.3450327608,2.245463776,1.4475612427915507,-0.84694469186406,,,,,,,,,1.42156519,0.7869371244980317,1.6084067292000002,0.6229759459141221,6.433626916800001,,,india,1,6.79538341897911,3.32817337461298,7.626,-3.15896727592607,31.7067531706123,6.79538341897911,6.79538341897911,3.32817337461298,3.32817337461298,7.626,7.626,-3.15896727592607,-3.15896727592607,31.7067531706123,31.7067531706123,,,,,,,,,,,,,,,,
2017-10-01,,1.9290162004,109.78643333333332,,,,,0.6992770223192224,,,0,0,4,1.6881025887,1.9780137671,0.8651166129,1.3450327608,2.367029333821691,1.4475612427915507,,,,,,,,,1.8330581779,0.20499816018842212,1.469066432375,0.47858958180246536,5.8762657295,,,india,1,6.79538341897911,3.32817337461298,7.626,-3.15896727592607,31.7067531706123,6.79538341897911,6.79538341897911,3.32817337461298,3.32817337461298,7.626,7.626,-3.15896727592607,-3.15896727592607,31.7067531706123,31.7067531706123,,,,,,,,,,,,,,,,
2017-10-01,19882.352,1.1207427769393874,247.23833333333332,13845.966666666667,1.2033333333333334,4.166666666666667,101.25183333333332,0.7923830151004729,1.379254025379506,1.1170081666739051,0,0,4,0.785431525684821,0.5583111012978037,0.4857087331036069,0.5527685286210726,0.4769045852770937,0.1153103259454724,-0.3051468361251253,1.465174018440063,1.0075787580154485,1.2023389781797178,4.333333333333333,4.366666666666667,1.153333333333333,0.95,0.6718713134913123,0.16059839223002725,0.5955549721768261,0.13081422894166692,2.3822198887073043,-0.16666666666666607,0.050000000000000266,us,0,,,,,,,,,,,,,,,,,,,,,,,,,,,,,,,
2017-10-01,761529.9,1.0407072499688752,102.41706666666666,,,3.4,105.8956,-0.1951220131262587,0.7022054893518259,,0,0,4,0.8443877081159457,0.752177328543091,1.2746919915016974,0.4537844650087663,0.6845828976214108,0.8211518820143482,1.6370310610198224,1.949822846397531,,,3.466666666666667,3.5666666666666664,,,0.7982825183295184,0.06520258469175184,0.8312603732923751,0.33938479451730674,3.3250414931695005,-0.06666666666666687,,germany,3,2.797906720551,1.50949485109628,3.781,6.95107572207338,28.6566319463924,2.797906720551,2.797906720551,1.50949485109628,1.50949485109628,3.781,3.781,6.95107572207338,6.95107572207338,28.6566319463924,28.6566319463924,-0.3501666666666667,94.39282517216115,-0.3577999999999999,-0.3581666666666667,93.61603003571427,92.6219512902098,0.007633333333333214,0.7767951364468786,61.53,11.766666666666666,52.10999999999999,49.67,12.1,11.4,9.420000000000009,-0.3333333333333339
2017-10-01,,0.155861618628106,100.8908,,,2.7000000000000006,104.22306666666668,0.5734141913483093,1.222658129524401,,0,0,4,1.13791595873065,0.321536821340995,0.728214713464248,0.01573431168389,0.0,0.4068084982041142,-0.0323708825446189,1.763033435786987,,,2.7999999999999994,2.8666666666666667,,,0.7297263900358225,0.5772672240674437,0.5508504513049458,0.4882069285560843,2.2034018052197832,-0.09999999999999876,,japan,2,1.67533175173359,0.484199796126385,2.822,0.75966463739868,29.2896490905596,1.67533175173359,1.67533175173359,0.484199796126385,0.484199796126385,2.822,2.822,0.75966463739868,0.75966463739868,29.2896490905596,29.2896490905596,-0.0423333333333333,94.39282517216115,-0.0536666666666666,-0.0543333333333333,93.61603003571427,92.6219512902098,0.0113333333333333,0.7767951364468786,,,,,,,,
2018-01-01,,2.1300309897,109.91393333333332,,,,,0.1160671839087967,,,0,0,1,1.9290162004,1.6881025887,1.9780137671,0.8651166129,0.6992770223192224,2.367029333821691,,,,,,,,,1.80855939455,0.1703516485132122,1.6150622922750002,0.5157694046825222,6.460249169100001,,,india,1,6.45385134497769,3.9388264669163,7.652,-3.76131213467656,31.4104922311412,6.79538341897911,6.79538341897911,3.32817337461298,3.32817337461298,7.626,7.626,-3.15896727592607,-3.15896727592607,31.7067531706123,31.7067531706123,,,,,,,,,,,,,,,,
2018-01-01,,-0.154412985990893,101.1962,,,2.466666666666667,103.82526666666666,0.3022462924313629,-0.382411604464572,,0,0,1,0.155861618628106,1.13791595873065,0.321536821340995,0.728214713464248,0.5734141913483093,0.0,1.222658129524401,-0.0323708825446189,,,2.7000000000000006,2.7999999999999994,,,0.6468887886793779,0.6944172833801845,0.5858822780409998,0.4396195304992369,2.343529112163999,-0.23333333333333384,,japan,2,0.643391023533141,0.989094598021848,2.467,0.0199593949374998,29.1254854238882,1.67533175173359,1.67533175173359,0.484199796126385,0.484199796126385,2.822,2.822,0.75966463739868,0.75966463739868,29.2896490905596,29.2896490905596,-0.048,89.20174440793652,-0.0423333333333333,-0.0536666666666666,94.39282517216115,93.61603003571427,-0.005666666666666702,-5.191080764224637,,,,,,,,
2018-01-01,757679.8,-0.5068567219572273,102.4171,,,3.2999999999999994,105.3157,3.254665363883191e-05,-0.5491197271688897,,0,0,1,1.0407072499688752,0.8443877081159457,0.752177328543091,1.2746919915016974,-0.1951220131262587,0.6845828976214108,0.7022054893518259,1.6370310610198224,,,3.4,3.466666666666667,,,0.9425474790424104,0.13881887932364312,0.9779910695324023,0.23152138863564822,3.9119642781296093,-0.10000000000000053,,germany,3,1.13569604599849,1.73216879766941,3.384,5.86855676857803,30.0075324734044,2.797906720551,2.797906720551,1.50949485109628,1.50949485109628,3.781,3.781,6.95107572207338,6.95107572207338,28.6566319463924,28.6566319463924,-0.3636666666666666,89.20174440793652,-0.3501666666666667,-0.3577999999999999,94.39282517216115,93.61603003571427,-0.013499999999999901,-5.191080764224637,66.80666666666666,14.6,61.53,52.10999999999999,11.766666666666666,12.1,5.276666666666657,2.833333333333334
2018-01-01,20044.077,0.8101194549169577,249.3216666666667,13955.566666666666,1.4466666666666663,4.033333333333333,101.79256666666669,0.8391113087693469,0.5326269640315573,0.7884498057126876,0,0,1,1.1207427769393874,0.785431525684821,0.5583111012978037,0.4857087331036069,0.7923830151004729,0.4769045852770937,1.379254025379506,-0.3051468361251253,1.1170081666739051,1.0075787580154485,4.166666666666667,4.333333333333333,1.2033333333333334,1.153333333333333,0.9530871513121042,0.23710085957025148,0.7375485342564048,0.28558708614115613,2.950194137025619,-0.13333333333333375,0.24333333333333296,us,0,,,,,,,,,,,,,,,,,,,,,,,,,,,,,,,
2018-04-01,,0.630479551692331,100.9926,,,2.3666666666666667,103.91643333333332,-0.2013959910908802,0.0877692562630372,,0,0,2,-0.154412985990893,0.155861618628106,1.13791595873065,0.321536821340995,0.3022462924313629,0.5734141913483093,-0.382411604464572,1.222658129524401,,,2.466666666666667,2.7000000000000006,,,0.000724316318606491,0.2193972769560588,0.36522535317721455,0.5516087492061368,1.4609014127088582,-0.10000000000000009,,japan,2,0.643391023533141,0.989094598021848,2.467,0.0199593949374998,29.1254854238882,0.643391023533141,1.67533175173359,0.989094598021848,0.484199796126385,2.467,2.822,0.0199593949374998,0.75966463739868,29.1254854238882,29.2896490905596,-0.065,91.23067188888888,-0.048,-0.0423333333333333,89.20174440793652,94.39282517216115,-0.017,2.028927480952362,,,,,,,,
2018-04-01,,1.3315258457,110.67900000000002,,,,,0.6936484525503772,,,0,0,2,2.1300309897,1.9290162004,1.6881025887,1.9780137671,0.1160671839087967,0.6992770223192224,,,,,,,,,2.0295235950499997,0.14213892063281167,1.9312908864750002,0.18332701071693958,7.725163545900001,,,india,1,6.45385134497769,3.9388264669163,7.652,-3.76131213467656,31.4104922311412,6.45385134497769,6.79538341897911,3.9388264669163,3.32817337461298,7.652,7.626,-3.76131213467656,-3.15896727592607,31.4104922311412,31.7067531706123,,,,,,,,,,,,,,,,
2018-04-01,20150.476,0.5294212303768475,250.679,14086.333333333334,1.7366666666666666,3.9333333333333336,102.97776666666664,0.5429339431240798,1.1576024864932144,0.9326587325587,0,0,2,0.8101194549169577,1.1207427769393874,0.785431525684821,0.5583111012978037,0.8391113087693469,0.7923830151004729,0.5326269640315573,1.379254025379506,0.7884498057126876,1.1170081666739051,4.033333333333333,4.166666666666667,1.4466666666666663,1.2033333333333334,0.9654311159281725,0.21964385739675418,0.8186512147097424,0.23109350581223112,3.27460485883897,-0.09999999999999964,0.29000000000000026,us,0,,,,,,,,,,,,,,,,,,,,,,,,,,,,,,,
2018-04-01,762837.6,0.6784295639119975,103.68393333333334,,,3.2000000000000006,106.0889,1.2293478275900327,0.7314916020706441,,0,0,2,-0.5068567219572273,1.0407072499688752,0.8443877081159457,0.752177328543091,3.254665363883191e-05,-0.1951220131262587,-0.5491197271688897,0.7022054893518259,,,3.2999999999999994,3.4,,,0.26692526400582395,1.094292978868935,0.5326038911676712,0.7033417927709471,2.1304155646706846,-0.09999999999999876,,germany,3,1.13569604599849,1.73216879766941,3.384,5.86855676857803,30.0075324734044,1.13569604599849,2.797906720551,1.73216879766941,1.50949485109628,3.384,3.781,5.86855676857803,6.95107572207338,30.0075324734044,28.6566319463924,-0.3633333333333333,91.23067188888888,-0.3636666666666666,-0.3501666666666667,89.20174440793652,94.39282517216115,0.0003333333333332966,2.028927480952362,74.5,17.03333333333333,66.80666666666666,61.53,14.6,11.766666666666666,7.693333333333342,2.433333333333332
2018-07-01,759521.8,-0.4356139875209663,104.55076666666666,,,3.1666666666666665,105.1224,0.8325589735098227,-0.9152036336521618,,0,0,3,0.6784295639119975,-0.5068567219572273,1.0407072499688752,0.8443877081159457,1.2293478275900327,3.254665363883191e-05,0.7314916020706441,-0.5491197271688897,,,3.2000000000000006,3.2999999999999994,,,0.08578642097738509,0.8381239703855456,0.5141669500098978,0.6966017469612047,2.056667800039591,-0.0333333333333341,,germany,3,1.13569604599849,1.73216879766941,3.384,5.86855676857803,30.0075324734044,1.13569604599849,1.13569604599849,1.73216879766941,1.73216879766941,3.384,3.384,5.86855676857803,5.86855676857803,30.0075324734044,30.0075324734044,-0.3617999999999999,92.15861809500916,-0.3633333333333333,-0.3636666666666666,91.23067188888888,89.20174440793652,0.0015333333333333865,0.9279462061202821,75.22333333333334,19.4,74.5,66.80666666666666,17.03333333333333,14.6,0.7233333333333434,2.366666666666667
2018-07-01,,-0.489514686641079,101.4338,,,2.433333333333333,103.1874,0.4359122116857961,-0.704029793033456,,0,0,3,0.630479551692331,-0.154412985990893,0.155861618628106,1.13791595873065,-0.2013959910908802,0.3022462924313629,0.0877692562630372,-0.382411604464572,,,2.3666666666666667,2.466666666666667,,,0.238033282850719,0.555002835898521,0.4424610357650486,0.5649207425114117,1.7698441430601943,0.06666666666666643,,japan,2,0.643391023533141,0.989094598021848,2.467,0.0199593949374998,29.1254854238882,0.643391023533141,0.643391023533141,0.989094598021848,0.989094598021848,2.467,2.467,0.0199593949374998,0.0199593949374998,29.1254854238882,29.1254854238882,-0.0623333333333333,92.15861809500916,-0.065,-0.048,91.23067188888888,89.20174440793652,0.002666666666666699,0.9279462061202821,,,,,,,,
2018-07-01,20276.154,0.621760482522582,251.68633333333327,14211.733333333332,1.923333333333333,3.766666666666667,103.83256666666666,0.4010367024059214,0.8266558580679373,0.8862854294996225,0,0,3,0.5294212303768475,0.8101194549169577,1.1207427769393874,0.785431525684821,0.5429339431240798,0.8391113087693469,1.1576024864932144,0.5326269640315573,0.9326587325587,0.7884498057126876,3.9333333333333336,4.033333333333333,1.7366666666666666,1.4466666666666663,0.6697703426469026,0.1984836180393367,0.8114287469795034,0.24213011537268636,3.2457149879180136,-0.16666666666666652,0.18666666666666631,us,0,,,,,,,,,,,,,,,,,,,,,,,,,,,,,,,
2018-07-01,,1.3600002396,115.1419,,,,,3.953116093978704,,,0,0,3,1.3315258457,2.1300309897,1.9290162004,1.6881025887,0.6936484525503772,0.1160671839087967,,,,,,,,,1.7307784176999998,0.5646284021347404,1.7696689061250002,0.34345052870738335,7.078675624500001,,,india,1,6.45385134497769,3.9388264669163,7.652,-3.76131213467656,31.4104922311412,6.45385134497769,6.45385134497769,3.9388264669163,3.9388264669163,7.652,7.652,-3.76131213467656,-3.76131213467656,31.4104922311412,31.4104922311412,,,,,,,,,,,,,,,,
2018-10-01,762469.1,0.3872958352216571,104.45076666666668,,,3.1,103.576,-0.0956930851521598,-1.4819742769557998,,0,0,4,-0.4356139875209663,0.6784295639119975,-0.5068567219572273,1.0407072499688752,0.8325589735098227,1.2293478275900327,-0.9152036336521618,0.7314916020706441,,,3.1666666666666665,3.2000000000000006,,,0.12140778819551559,0.7877477497553932,0.19416652610066976,0.782985520643632,0.776666104402679,-0.06666666666666643,,germany,3,1.13569604599849,1.73216879766941,3.384,5.86855676857803,30.0075324734044,1.13569604599849,1.13569604599849,1.73216879766941,1.73216879766941,3.384,3.384,5.86855676857803,5.86855676857803,30.0075324734044,30.0075324734044,-0.3626,94.0769964672619,-0.3617999999999999,-0.3633333333333333,92.15861809500916,91.23067188888888,-0.0008000000000000784,1.9183783722527465,67.71333333333332,20.23333333333333,75.22333333333334,74.5,19.4,17.03333333333333,-7.510000000000019,0.8333333333333321
2018-10-01,,0.069809393301346,101.77316666666668,,,2.466666666666667,104.88846666666666,0.3340111687518465,1.6350810807203686,,0,0,4,-0.489514686641079,0.630479551692331,-0.154412985990893,0.155861618628106,0.4359122116857961,-0.2013959910908802,-0.704029793033456,0.0877692562630372,,,2.433333333333333,2.3666666666666667,,,0.07048243252562603,0.7919555208154135,0.03560337442211631,0.4761634547304477,0.14241349768846523,0.03333333333333366,,japan,2,0.643391023533141,0.989094598021848,2.467,0.0199593949374998,29.1254854238882,0.643391023533141,0.643391023533141,0.989094598021848,0.989094598021848,2.467,2.467,0.0199593949374998,0.0199593949374998,29.1254854238882,29.1254854238882,-0.0663333333333333,94.0769964672619,-0.0623333333333333,-0.065,92.15861809500916,91.23067188888888,-0.003999999999999997,1.9183783722527465,,,,,,,,
2018-10-01,20304.874,0.141543998318383,252.711,14312.666666666666,2.22,3.8333333333333335,104.0491,0.406294010101238,0.20832372100541,0.7077011582774517,0,0,4,0.621760482522582,0.5294212303768475,0.8101194549169577,1.1207427769393874,0.4010367024059214,0.5429339431240798,0.8266558580679373,1.1576024864932144,0.8862854294996225,0.9326587325587,3.766666666666667,3.9333333333333336,1.923333333333333,1.7366666666666666,0.5755908564497147,0.0652937113619443,0.7705109861889436,0.2610760558060769,3.0820439447557746,0.06666666666666643,0.2966666666666673,us,0,,,,,,,,,,,,,,,,,,,,,,,,,,,,,,,
2018-10-01,,1.434781331,115.3969,,,,,0.2212209866579328,,,0,0,4,1.3600002396,1.3315258457,2.1300309897,1.9290162004,3.953116093978704,0.6936484525503772,,,,,,,,,1.34576304265,0.020134437016894678,1.6876433188500002,0.4033763178187358,6.750573275400001,,,india,1,6.45385134497769,3.9388264669163,7.652,-3.76131213467656,31.4104922311412,6.45385134497769,6.45385134497769,3.9388264669163,3.9388264669163,7.652,7.652,-3.76131213467656,-3.76131213467656,31.4104922311412,31.4104922311412,,,,,,,,,,,,,,,,
2019-01-01,,1.0598874511,117.69203333333331,,,,,1.969383513928591,,,0,0,1,1.434781331,1.3600002396,1.3315258457,2.1300309897,0.2212209866579328,3.953116093978704,,,,,,,,,1.3973907852999998,0.05287821683348026,1.5640846015000003,0.37980198865110415,6.256338406000001,,,india,1,3.87143694070356,3.72950573539129,6.51,-2.57687373613013,29.7022005792949,6.45385134497769,6.45385134497769,3.9388264669163,3.9388264669163,7.652,7.652,-3.76131213467656,-3.76131213467656,31.4104922311412,31.4104922311412,,,,,,,,,,,,,,,,
2019-01-01,767921.6,0.7125661533221361,103.8173,,,3.0,103.3827,-0.6083204499631734,-0.1868006092125895,,0,0,1,0.3872958352216571,-0.4356139875209663,0.6784295639119975,-0.5068567219572273,-0.0956930851521598,0.8325589735098227,-1.4819742769557998,-0.9152036336521618,,,3.1,3.1666666666666665,,,-0.024159076149654596,0.5818851159663291,0.030813672413865248,0.5924891251481592,0.12325468965546099,-0.10000000000000009,,germany,3,0.977734697038784,1.44565976888253,3.163,5.60724624570291,29.2651262058024,1.13569604599849,1.13569604599849,1.73216879766941,1.73216879766941,3.384,3.384,5.86855676857803,5.86855676857803,30.0075324734044,30.0075324734044,-0.3673,100.6401665490196,-0.3626,-0.3617999999999999,94.0769964672619,92.15861809500916,-0.0047000000000000375,6.56317008175769,63.17,17.733333333333334,67.71333333333332,75.22333333333334,20.23333333333333,19.4,-4.543333333333322,-2.4999999999999964
2019-01-01,20431.641,0.6223772907267389,253.38566666666665,14508.766666666668,2.4033333333333333,3.8666666666666663,103.0383,0.2666158901067028,-0.9762139341846776,1.3608138352859456,0,0,1,0.141543998318383,0.621760482522582,0.5294212303768475,0.8101194549169577,0.406294010101238,0.4010367024059214,0.20832372100541,0.8266558580679373,0.7077011582774517,0.8862854294996225,3.8333333333333335,3.766666666666667,2.22,1.923333333333333,0.3816522404204825,0.33956433241835154,0.5257112915336926,0.2814911030632289,2.1028451661347702,0.03333333333333277,0.18333333333333313,us,0,,,,,,,,,,,,,,,,,,,,,,,,,,,,,,,
2019-01-01,,0.129085697508224,101.5017,,,2.466666666666667,102.73176666666666,-0.2670933524665742,-2.0776179113592974,,0,0,1,0.069809393301346,-0.489514686641079,0.630479551692331,-0.154412985990893,0.3340111687518465,0.4359122116857961,1.6350810807203686,-0.704029793033456,,,2.466666666666667,2.433333333333333,,,-0.2098526466698665,0.3955018498082101,0.01409031809042631,0.4708331859302337,0.05636127236170524,0.0,,japan,2,-0.402169200894946,0.46877615938395,2.351,-0.289365253370252,29.1717018986434,0.643391023533141,0.643391023533141,0.989094598021848,0.989094598021848,2.467,2.467,0.0199593949374998,0.0199593949374998,29.1254854238882,29.1254854238882,-0.0533333333333333,100.6401665490196,-0.0663333333333333,-0.0623333333333333,94.0769964672619,92.15861809500916,0.012999999999999998,6.56317008175769,,,,,,,,
2019-04-01,,0.390455501608034,101.73923333333336,,,2.333333333333333,102.8229,0.2337456708041863,0.088670659520762,,0,0,2,0.129085697508224,0.069809393301346,-0.489514686641079,0.630479551692331,-0.2670933524665742,0.3340111687518465,-2.0776179113592974,1.6350810807203686,,,2.466666666666667,2.466666666666667,,,0.099447545404785,0.041914676668302286,0.08496498896520556,0.45818095582216234,0.33985995586082224,-0.13333333333333375,,japan,2,-0.402169200894946,0.46877615938395,2.351,-0.289365253370252,29.1717018986434,-0.402169200894946,0.643391023533141,0.46877615938395,0.989094598021848,2.351,2.467,-0.289365253370252,0.0199593949374998,29.1717018986434,29.1254854238882,-0.0593333333333333,100.46920015873016,-0.0533333333333333,-0.0663333333333333,100.6401665490196,94.0769964672619,-0.005999999999999998,-0.17096639028943628,,,,,,,,
2019-04-01,,1.0901073089,120.11476666666664,,,,,2.037634885492512,,,0,0,2,1.0598874511,1.434781331,1.3600002396,1.3315258457,1.969383513928591,0.2212209866579328,,,,,,,,,1.2473343910499999,0.2650900047026278,1.2965487168500003,0.1636727482947043,5.186194867400001,,,india,1,3.87143694070356,3.72950573539129,6.51,-2.57687373613013,29.7022005792949,3.87143694070356,6.45385134497769,3.72950573539129,3.9388264669163,6.51,7.652,-2.57687373613013,-3.76131213467656,29.7022005792949,31.4104922311412,,,,,,,,,,,,,,,,
2019-04-01,20602.275,0.8316777932895647,255.24733333333333,14698.666666666666,2.3966666666666665,3.633333333333333,102.36783333333334,0.732030749114454,-0.6528228119908164,1.3003722290960695,0,0,2,0.6223772907267389,0.141543998318383,0.621760482522582,0.5294212303768475,0.2666158901067028,0.406294010101238,-0.9762139341846776,0.20832372100541,1.3608138352859456,0.7077011582774517,3.8666666666666663,3.8333333333333335,2.4033333333333333,2.22,0.38196064452256095,0.34000048168220237,0.47877575048613785,0.22902420196600856,1.9151030019445514,-0.2333333333333334,-0.006666666666666821,us,0,,,,,,,,,,,,,,,,,,,,,,,,,,,,,,,
2019-04-01,767921.6,0.0,105.4509,,,2.9,102.2874,1.561281822789251,-1.0651138447761888,,0,0,2,0.7125661533221361,0.3872958352216571,-0.4356139875209663,0.6784295639119975,-0.6083204499631734,-0.0956930851521598,-0.1868006092125895,-1.4819742769557998,,,3.0,3.1,,,0.5499309942718966,0.23000084764755485,0.3356693912337061,0.5345025866196413,1.3426775649348244,-0.10000000000000009,,germany,3,0.977734697038784,1.44565976888253,3.163,5.60724624570291,29.2651262058024,0.977734697038784,1.13569604599849,1.44565976888253,1.73216879766941,3.163,3.384,5.60724624570291,5.86855676857803,29.2651262058024,30.0075324734044,-0.3650666666666666,100.46920015873016,-0.3673,-0.3626,100.6401665490196,94.0769964672619,0.0022333333333334204,-0.17096639028943628,68.92333333333333,18.3,63.17,67.71333333333332,17.733333333333334,20.23333333333333,5.75333333333333,0.5666666666666664
2019-07-01,,0.050298139824823,101.77316666666668,,,2.333333333333333,101.97236666666667,0.0333476816623878,-0.8306229311580537,,0,0,3,0.390455501608034,0.129085697508224,0.069809393301346,-0.489514686641079,0.2337456708041863,-0.2670933524665742,0.088670659520762,-2.0776179113592974,,,2.333333333333333,2.466666666666667,,,0.259770599558129,0.18481636087636097,0.024958976444131295,0.37019129912655724,0.09983590577652518,0.0,,japan,2,-0.402169200894946,0.46877615938395,2.351,-0.289365253370252,29.1717018986434,-0.402169200894946,-0.402169200894946,0.46877615938395,0.46877615938395,2.351,2.351,-0.289365253370252,-0.289365253370252,29.1717018986434,29.1717018986434,-0.0583333333333333,100.43927942307693,-0.0593333333333333,-0.0533333333333333,100.46920015873016,100.6401665490196,0.0010000000000000009,-0.029920735653234942,,,,,,,,
2019-07-01,,0.8823670344,122.53743333333334,,,,,1.9968886914087487,,,0,0,3,1.0901073089,1.0598874511,1.434781331,1.3600002396,2.037634885492512,1.969383513928591,,,,,,,,,1.0749973800000001,0.02136866637691943,1.2361940826500002,0.18902401390577406,4.944776330600001,,,india,1,3.87143694070356,3.72950573539129,6.51,-2.57687373613013,29.7022005792949,3.87143694070356,3.87143694070356,3.72950573539129,3.72950573539129,6.51,6.51,-2.57687373613013,-2.57687373613013,29.7022005792949,29.7022005792949,,,,,,,,,,,,,,,,
2019-07-01,20843.322,1.1632102580909631,256.08933333333334,14968.1,2.19,3.6,102.2905,0.3293332224809653,-0.0755731132510817,1.81644831456822,0,0,3,0.8316777932895647,0.6223772907267389,0.141543998318383,0.621760482522582,0.732030749114454,0.2666158901067028,-0.6528228119908164,-0.9762139341846776,1.3003722290960695,1.3608138352859456,3.633333333333333,3.8666666666666663,2.3966666666666665,2.4033333333333333,0.7270275420081518,0.14799780466792764,0.5543398912143171,0.2923989198475377,2.2173595648572686,-0.03333333333333277,-0.20666666666666655,us,0,,,,,,,,,,,,,,,,,,,,,,,,,,,,,,,
2019-07-01,772121.5,0.5454276457513174,106.08436666666668,,,2.9,101.1276,0.5989247752798299,-1.1403412414301428,,0,0,3,0.0,0.7125661533221361,0.3872958352216571,-0.4356139875209663,1.561281822789251,-0.6083204499631734,-1.0651138447761888,-0.1868006092125895,,,2.9,3.0,,,0.35628307666106807,0.5038603590580959,0.16606200025570672,0.49571557074884537,0.6642480010228269,0.0,,germany,3,0.977734697038784,1.44565976888253,3.163,5.60724624570291,29.2651262058024,0.977734697038784,0.977734697038784,1.44565976888253,1.44565976888253,3.163,3.163,5.60724624570291,5.60724624570291,29.2651262058024,29.2651262058024,-0.3770666666666666,100.43927942307693,-0.3650666666666666,-0.3673,100.46920015873016,100.6401665490196,-0.01200000000000001,-0.029920735653234942,61.93,15.6,68.92333333333333,63.17,18.3,17.733333333333334,-6.993333333333332,-2.700000000000001
2019-10-01,,0.2927038105,125.3427,,,,,2.2635024435332163,,,0,0,4,0.8823670344,1.0901073089,1.0598874511,1.434781331,1.9968886914087487,2.037634885492512,,,,,,,,,0.98623717165,0.14689455682451244,1.1167857813500002,0.2309563302129682,4.467143125400001,,,india,1,3.87143694070356,3.72950573539129,6.51,-2.57687373613013,29.7022005792949,3.87143694070356,3.87143694070356,3.72950573539129,3.72950573539129,6.51,6.51,-2.57687373613013,-2.57687373613013,29.7022005792949,29.7022005792949,,,,,,,,,,,,,,,,
2019-10-01,20985.448,0.6795635968053659,257.888,15279.466666666667,1.643333333333333,3.6,101.68853333333334,0.6999040201002948,-0.590225774061448,2.0588609246487977,0,0,4,1.1632102580909631,0.8316777932895647,0.6223772907267389,0.141543998318383,0.3293332224809653,0.732030749114454,-0.0755731132510817,-0.6528228119908164,1.81644831456822,1.3003722290960695,3.6,3.633333333333333,2.19,2.3966666666666665,0.9974440256902639,0.23442885404456068,0.6897023351064124,0.42793185113457927,2.7588093404256497,0.0,-0.5466666666666669,us,0,,,,,,,,,,,,,,,,,,,,,,,,,,,,,,,
2019-10-01,,-2.87812086374788,102.28216666666668,,,2.3000000000000003,98.41837,0.4988853242683611,-3.54743879212549,,0,0,4,0.050298139824823,0.390455501608034,0.129085697508224,0.069809393301346,0.0333476816623878,0.2337456708041863,-0.8306229311580537,0.088670659520762,,,2.333333333333333,2.333333333333333,,,0.2203768207164285,0.24052757718742357,0.15991218306060678,0.15730463559101635,0.6396487322424271,-0.03333333333333277,,japan,2,-0.402169200894946,0.46877615938395,2.351,-0.289365253370252,29.1717018986434,-0.402169200894946,-0.402169200894946,0.46877615938395,0.46877615938395,2.351,2.351,-0.289365253370252,-0.289365253370252,29.1717018986434,29.1717018986434,-0.034,100.43678535714288,-0.0583333333333333,-0.0593333333333333,100.43927942307693,100.46920015873016,0.024333333333333297,-0.0024940659340444427,,,,,,,,
2019-10-01,768511.1,-0.4686914465118263,105.75096666666668,,,3.0,99.45232,-0.3147730551241956,-1.6704752468595707,,0,0,4,0.5454276457513174,0.0,0.7125661533221361,0.3872958352216571,0.5989247752798299,1.561281822789251,-1.1403412414301428,-1.0651138447761888,,,2.9,2.9,,,0.2727138228756587,0.385675586957371,0.41132240857377766,0.30468311867164505,1.6452896342951107,0.10000000000000009,,germany,3,0.977734697038784,1.44565976888253,3.163,5.60724624570291,29.2651262058024,0.977734697038784,0.977734697038784,1.44565976888253,1.44565976888253,3.163,3.163,5.60724624570291,5.60724624570291,29.2651262058024,29.2651262058024,-0.5429829259333333,100.43678535714288,-0.3770666666666666,-0.3650666666666666,100.43927942307693,100.46920015873016,-0.1659162592666667,-0.0024940659340444427,63.41,13.4,61.93,68.92333333333333,15.6,18.3,1.4799999999999969,-2.1999999999999993
2020-01-01,20709.212,-1.3250619707966038,258.81766666666664,15650.733333333332,1.26,3.8333333333333335,99.93836666666668,0.3598441936334851,-1.7360884136413013,2.40078951330478,1,0,1,0.6795635968053659,1.1632102580909631,0.8316777932895647,0.6223772907267389,0.6999040201002948,0.3293332224809653,-0.590225774061448,-0.0755731132510817,2.0588609246487977,1.81644831456822,3.6,3.6,1.643333333333333,2.19,0.9213869274481645,0.3419898338932799,0.8242072347281582,0.24264924437103172,3.2968289389126326,0.2333333333333334,-0.3833333333333331,us,0,,,,,,,,,,,,,,,,,,,,,,,,,,,,,,,
2020-01-01,,0.3098485794,125.4702,,,,,0.1016694204984958,,,0,0,1,0.2927038105,0.8823670344,1.0901073089,1.0598874511,2.2635024435332163,1.9968886914087487,,,,,,,,,0.58753542245,0.4169548642360155,0.8312664012250002,0.370552352923436,3.3250656049000007,,,india,1,-5.77772470686801,6.62343677628535,7.859,-0.393151469925627,28.6796821131572,3.87143694070356,3.87143694070356,3.72950573539129,3.72950573539129,6.51,6.51,-2.57687373613013,-2.57687373613013,29.7022005792949,29.7022005792949,,,,,,,,,,,,,,,,
2020-01-01,754088.2,-1.894566930177355,105.49866666666668,,,3.3000000000000003,97.93814,-0.2388644334947898,-1.534227845883951,,1,0,1,-0.4686914465118263,0.5454276457513174,0.0,0.7125661533221361,-0.3147730551241956,0.5989247752798299,-1.6704752468595707,-1.1403412414301428,,,3.0,2.9,,,0.03836809961974555,0.7170904870700152,0.1973255881404068,0.5382576708552795,0.7893023525616272,0.30000000000000027,,germany,3,-4.13191443239947,0.144877925813981,3.881,5.30608104975194,28.0207954478952,0.977734697038784,0.977734697038784,1.44565976888253,1.44565976888253,3.163,3.163,5.60724624570291,5.60724624570291,29.2651262058024,29.2651262058024,-0.5370911666666667,99.31548506878306,-0.5429829259333333,-0.3770666666666666,100.43678535714288,100.43927942307693,0.00589175926666663,-1.1213002883598193,50.44,11.9,63.41,61.93,13.4,15.6,-12.969999999999999,-1.5
2020-01-01,,0.393173959863868,102.18036666666669,,,2.433333333333333,96.89956666666669,-0.0995781542489027,-1.5552426703733246,,1,0,1,-2.87812086374788,0.050298139824823,0.390455501608034,0.129085697508224,0.4988853242683611,0.0333476816623878,-3.54743879212549,-0.8306229311580537,,,2.3000000000000003,2.333333333333333,,,-1.4139113619615284,2.070704935581811,-0.5770703812016997,1.540907451883115,-2.308281524806799,0.13333333333333286,,japan,2,-4.16876457146743,-0.024995834027731,2.809,-0.268842908128662,28.1462434697604,-0.402169200894946,-0.402169200894946,0.46877615938395,0.46877615938395,2.351,2.351,-0.289365253370252,-0.289365253370252,29.1717018986434,29.1717018986434,-0.0316666666666666,99.31548506878306,-0.034,-0.0583333333333333,100.43678535714288,100.43927942307693,0.0023333333333334025,-1.1213002883598193,,,,,,,,
2020-04-01,686666.8,-9.36601700038473,105.88523333333336,,,3.6666666666666665,80.15464,0.3657488556119581,-20.037828604128105,,1,1,2,-1.894566930177355,-0.4686914465118263,0.5454276457513174,0.0,-0.2388644334947898,-0.3147730551241956,-1.534227845883951,-1.6704752468595707,,,3.3000000000000003,3.0,,,-1.1816291883445906,1.0082462236275436,-0.45445768273446596,1.0456927050396305,-1.8178307309378638,0.36666666666666625,,germany,3,-4.13191443239947,0.144877925813981,3.881,5.30608104975194,28.0207954478952,-4.13191443239947,0.977734697038784,0.144877925813981,1.44565976888253,3.881,3.163,5.30608104975194,5.60724624570291,28.0207954478952,29.2651262058024,-0.5400418333333333,96.25956784313723,-0.5370911666666667,-0.5429829259333333,99.31548506878306,100.43678535714288,-0.002950666666666657,-3.0559172256458282,29.343333333333334,0.2333333333333333,50.44,63.41,11.9,13.4,-21.096666666666664,-11.666666666666668
2020-04-01,,-24.0254996803,126.36276666666669,,,,,0.7088590631804337,,,1,1,2,0.3098485794,0.2927038105,0.8823670344,1.0901073089,0.1016694204984958,2.2635024435332163,,,,,,,,,0.30127619495,0.012123182351239221,0.6437566833000002,0.40451473890610096,2.575026733200001,,,india,1,-5.77772470686801,6.62343677628535,7.859,-0.393151469925627,28.6796821131572,-5.77772470686801,3.87143694070356,6.62343677628535,3.72950573539129,7.859,6.51,-0.393151469925627,-2.57687373613013,28.6796821131572,29.7022005792949,,,,,,,,,,,,,,,,
2020-04-01,19077.992,-8.204320604026982,256.292,17725.3,0.06,13.0,87.3719,-0.9806404617330068,-13.43799419748013,12.447522327348535,1,1,2,-1.3250619707966038,0.6795635968053659,1.1632102580909631,0.8316777932895647,0.3598441936334851,0.6999040201002948,-1.7360884136413013,-0.590225774061448,2.40078951330478,2.0588609246487977,3.8333333333333335,3.6,1.26,1.643333333333333,-0.32274918699561894,1.4174843325912843,0.3373474193473225,1.1265180631148763,1.34938967738929,9.166666666666666,-1.2,us,0,,,,,,,,,,,,,,,,,,,,,,,,,,,,,,,
2020-04-01,,-7.24018302368422,101.87496666666668,,,2.733333333333333,82.92659,-0.2993307972307235,-15.57192883208316,,1,1,2,0.393173959863868,-2.87812086374788,0.050298139824823,0.390455501608034,-0.0995781542489027,0.4988853242683611,-1.5552426703733246,-3.54743879212549,,,2.433333333333333,2.3000000000000003,,,-1.242473451942006,2.3131547530363177,-0.5110483156127886,1.5862397199140508,-2.0441932624511545,0.2999999999999998,,japan,2,-4.16876457146743,-0.024995834027731,2.809,-0.268842908128662,28.1462434697604,-4.16876457146743,-0.402169200894946,-0.024995834027731,0.46877615938395,2.809,2.351,-0.268842908128662,-0.289365253370252,28.1462434697604,29.1717018986434,-0.0436666666666666,96.25956784313723,-0.0316666666666666,-0.034,99.31548506878306,100.43678535714288,-0.011999999999999997,-3.0559172256458282,,,,,,,,
2020-07-01,20558.879,7.475749636244799,259.22166666666664,18449.9,0.0933333333333333,8.799999999999999,95.64913333333334,1.13661320584999,9.051291436473452,4.006595289586024,0,0,3,-8.204320604026982,-1.3250619707966038,0.6795635968053659,1.1632102580909631,-0.9806404617330068,0.3598441936334851,-13.43799419748013,-1.7360884136413013,12.447522327348535,2.40078951330478,13.0,3.8333333333333335,0.06,1.26,-4.764691287411793,4.8643704290933005,-1.9216521799818143,4.324755953940396,-7.686608719927257,-4.200000000000001,0.0333333333333333,us,0,,,,,,,,,,,,,,,,,,,,,,,,,,,,,,,
2020-07-01,,24.3610514273,129.3146,,,,,2.309132429455918,,,0,0,3,-24.0254996803,0.3098485794,0.2927038105,0.8823670344,0.7088590631804337,0.1016694204984958,,,,,,,,,-11.85782555045,17.20768977697012,-5.6351450640000005,12.263298204602687,-22.540580256000002,,,india,1,-5.77772470686801,6.62343677628535,7.859,-0.393151469925627,28.6796821131572,-5.77772470686801,-5.77772470686801,6.62343677628535,6.62343677628535,7.859,7.859,-0.393151469925627,-0.393151469925627,28.6796821131572,28.6796821131572,,,,,,,,,,,,,,,,
2020-07-01,747014.5,8.423542863141442,105.1121,,,3.8333333333333335,91.65593,-0.7328403456499544,13.408390603235889,,0,0,3,-9.36601700038473,-1.894566930177355,-0.4686914465118263,0.5454276457513174,0.3657488556119581,-0.2388644334947898,-20.037828604128105,-1.534227845883951,,,3.6666666666666665,3.3000000000000003,,,-5.630291965281042,5.283113009940341,-2.7959619328306484,4.492928101429631,-11.183847731322594,0.16666666666666696,,germany,3,-4.13191443239947,0.144877925813981,3.881,5.30608104975194,28.0207954478952,-4.13191443239947,-4.13191443239947,0.144877925813981,0.144877925813981,3.881,3.881,5.30608104975194,5.30608104975194,28.0207954478952,28.0207954478952,-0.5515253328333333,99.17125975045788,-0.5400418333333333,-0.5370911666666667,96.25956784313723,99.31548506878306,-0.011483499499999938,2.9116919073206446,42.96333333333333,0.9333333333333332,29.343333333333334,50.44,0.2333333333333333,11.9,13.619999999999997,0.7
2020-07-01,,4.99465739150451,101.8071,,,2.966666666666667,88.91067,-0.066639808097868,6.96763992132583,,0,0,3,-7.24018302368422,0.393173959863868,-2.87812086374788,0.050298139824823,-0.2993307972307235,-0.0995781542489027,-15.57192883208316,-1.5552426703733246,,,2.733333333333333,2.433333333333333,,,-3.423504531910176,5.397598486284543,-2.418707946935852,3.5336644369119288,-9.674831787743408,0.23333333333333384,,japan,2,-4.16876457146743,-0.024995834027731,2.809,-0.268842908128662,28.1462434697604,-4.16876457146743,-4.16876457146743,-0.024995834027731,-0.024995834027731,2.809,2.809,-0.268842908128662,-0.268842908128662,28.1462434697604,28.1462434697604,-0.039,99.17125975045788,-0.0436666666666666,-0.0316666666666666,96.25956784313723,99.31548506878306,0.004666666666666597,2.9116919073206446,,,,,,,,
2020-10-01,,1.66974252080667,101.33196666666667,,,3.0666666666666664,94.71249,-0.4677920476571451,6.3213723859878,,0,0,4,4.99465739150451,-7.24018302368422,0.393173959863868,-2.87812086374788,-0.066639808097868,-0.2993307972307235,6.96763992132583,-15.57192883208316,,,2.966666666666667,2.733333333333333,,,-1.1227628160898555,8.651338624315185,-1.1826181340159305,5.170772848114629,-4.730472536063722,0.09999999999999964,,japan,2,-4.16876457146743,-0.024995834027731,2.809,-0.268842908128662,28.1462434697604,-4.16876457146743,-4.16876457146743,-0.024995834027731,-0.024995834027731,2.809,2.809,-0.268842908128662,-0.268842908128662,28.1462434697604,28.1462434697604,-0.026,100.47385164206165,-0.039,-0.0436666666666666,99.17125975045788,96.25956784313723,0.013000000000000001,1.3025918916037682,,,,,,,,
2020-10-01,20791.917,1.127138965704333,261.0916666666667,18960.56666666667,0.09,6.766666666666667,97.39466666666664,0.718800742438841,1.8084817100302075,2.7302433445026253,0,0,4,7.475749636244799,-8.204320604026982,-1.3250619707966038,0.6795635968053659,1.13661320584999,-0.9806404617330068,9.051291436473452,-13.43799419748013,4.006595289586024,12.447522327348535,8.799999999999999,13.0,0.0933333333333333,0.06,-0.36428548389109183,11.087483996377554,-0.3435173354433554,6.4535077920727195,-1.3740693417734215,-2.0333333333333323,-0.0033333333333332993,us,0,,,,,,,,,,,,,,,,,,,,,,,,,,,,,,,
2020-10-01,,7.3313807215,131.55013333333332,,,,,1.713982593886687,,,0,0,4,24.3610514273,-24.0254996803,0.3098485794,0.2927038105,2.309132429455918,0.7088590631804337,,,,,,,,,0.16777587350000012,34.214458406413414,0.2345260342249995,19.75387838165433,0.938104136899998,,,india,1,-5.77772470686801,6.62343677628535,7.859,-0.393151469925627,28.6796821131572,-5.77772470686801,-5.77772470686801,6.62343677628535,6.62343677628535,7.859,7.859,-0.393151469925627,-0.393151469925627,28.6796821131572,28.6796821131572,,,,,,,,,,,,,,,,
2020-10-01,753277.7,0.8349355392017088,105.21753333333334,,,3.8,97.48711,0.1002553377699833,6.167848926992825,,0,0,4,8.423542863141442,-9.36601700038473,-1.894566930177355,-0.4686914465118263,-0.7328403456499544,0.3657488556119581,13.408390603235889,-20.037828604128105,,,3.8333333333333335,3.6666666666666665,,,-0.47123706862164383,12.57911841382339,-0.8264331284831172,7.2973839486082115,-3.305732513932469,-0.03333333333333366,,germany,3,-4.13191443239947,0.144877925813981,3.881,5.30608104975194,28.0207954478952,-4.13191443239947,-4.13191443239947,0.144877925813981,0.144877925813981,3.881,3.881,5.30608104975194,5.30608104975194,28.0207954478952,28.0207954478952,-0.5557353968333333,100.47385164206165,-0.5515253328333333,-0.5400418333333333,99.17125975045788,96.25956784313723,-0.004210064000000013,1.3025918916037682,44.29,1.2666666666666666,42.96333333333333,29.343333333333334,0.9333333333333332,0.2333333333333333,1.326666666666668,0.33333333333333337
2021-01-01,21082.134,1.386164653473898,263.74233333333336,19630.4,0.08,6.233333333333333,97.62756666666668,1.0101057493312915,0.2388446760531515,3.471800119210755,0,0,1,1.127138965704333,7.475749636244799,-8.204320604026982,-1.3250619707966038,0.718800742438841,1.13661320584999,1.8084817100302075,9.051291436473452,2.7302433445026253,4.006595289586024,6.766666666666667,8.799999999999999,0.09,0.0933333333333333,4.301444300974566,4.489145656252435,-0.23162349321861364,6.480980967453748,-0.9264939728744546,-0.5333333333333332,-0.009999999999999995,us,0,,,,,,,,,,,,,,,,,,,,,,,,,,,,,,,
2021-01-01,,1.08706466823327,101.63743333333332,,,2.8666666666666667,96.62618333333334,0.3009979802801155,2.0003871815837293,,0,0,1,1.66974252080667,4.99465739150451,-7.24018302368422,0.393173959863868,-0.4677920476571451,-0.066639808097868,6.3213723859878,6.96763992132583,,,3.0666666666666664,2.966666666666667,,,3.3321999561555895,2.351069851938439,-0.04565228787729292,5.173687981762685,-0.18260915150917167,-0.19999999999999973,,japan,2,2.69657404187188,-0.233352779398264,2.808,-0.520062350346241,29.6493466370105,-4.16876457146743,-4.16876457146743,-0.024995834027731,-0.024995834027731,2.809,2.809,-0.268842908128662,-0.268842908128662,28.1462434697604,28.1462434697604,-0.0166666666666666,101.45694687179488,-0.026,-0.039,100.47385164206165,99.17125975045788,0.009333333333333398,0.9830952297332374,,,,,,,,
2021-01-01,,1.3531084318,131.03596666666667,,,,,-0.3916180816819548,,,0,0,1,7.3313807215,24.3610514273,-24.0254996803,0.3098485794,1.713982593886687,2.309132429455918,,,,,,,,,15.846216074400001,12.04179563744508,1.9941952619749999,20.071732627303295,7.976781047899999,,,india,1,9.68959249192875,5.13140747176369,6.38,-2.62477212294165,29.8661330649563,-5.77772470686801,-5.77772470686801,6.62343677628535,6.62343677628535,7.859,7.859,-0.393151469925627,-0.393151469925627,28.6796821131572,28.6796821131572,,,,,,,,,,,,,,,,
2021-01-01,749703.9,-0.4755622737368625,107.0801,,,3.9,97.74484,1.754719944999561,0.2640245612640868,,0,0,1,0.8349355392017088,8.423542863141442,-9.36601700038473,-1.894566930177355,0.1002553377699833,-0.7328403456499544,6.167848926992825,13.408390603235889,,,3.8,3.8333333333333335,,,4.6292392011715755,5.365955698519685,-0.5005263820547334,7.347624182679491,-2.0021055282189337,0.10000000000000009,,germany,3,3.90999994204108,3.06666666666673,3.594,5.12014099730063,29.5132406376345,-4.13191443239947,-4.13191443239947,0.144877925813981,0.144877925813981,3.881,3.881,5.30608104975194,5.30608104975194,28.0207954478952,28.0207954478952,-0.5643506739,101.45694687179488,-0.5557353968333333,-0.5515253328333333,100.47385164206165,99.17125975045788,-0.00861527706666676,0.9830952297332374,60.82,1.2,44.29,42.96333333333333,1.2666666666666666,0.9333333333333332,16.53,-0.06666666666666665
2021-04-01,766650.6,2.235282793148308,108.20466666666664,,,3.7,96.64948,1.0447342955544947,-1.1269584346474737,,0,0,2,-0.4755622737368625,0.8349355392017088,8.423542863141442,-9.36601700038473,1.754719944999561,0.1002553377699833,0.2640245612640868,6.167848926992825,,,3.9,3.8,,,0.17968663273242316,0.9266618902590035,-0.14577521794461035,7.291927591358212,-0.5831008717784414,-0.19999999999999973,,germany,3,3.90999994204108,3.06666666666673,3.594,5.12014099730063,29.5132406376345,3.90999994204108,-4.13191443239947,3.06666666666673,0.144877925813981,3.594,3.881,5.12014099730063,5.30608104975194,29.5132406376345,28.0207954478952,-0.5649625332,102.66494962962965,-0.5643506739,-0.5557353968333333,101.45694687179488,100.47385164206165,-0.0006118592999999617,1.2080027578347625,68.83333333333333,4.1000000000000005,60.82,44.29,1.2,1.2666666666666666,8.013333333333328,2.9000000000000004
2021-04-01,21440.929,1.6875713541763204,268.5503333333333,20368.13333333333,0.07,5.933333333333334,99.26356666666668,1.8065741147178291,1.661870318734504,3.6892202955131737,0,0,2,1.386164653473898,1.127138965704333,7.475749636244799,-8.204320604026982,1.0101057493312915,0.718800742438841,0.2388446760531515,1.8084817100302075,3.471800119210755,2.7302433445026253,6.233333333333333,6.766666666666667,0.08,0.09,1.2566518095891155,0.18315882032331007,0.4461831628490118,6.470272694737205,1.7847326513960473,-0.2999999999999998,-0.009999999999999995,us,0,,,,,,,,,,,,,,,,,,,,,,,,,,,,,,,
2021-04-01,,-9.1087394137,133.09263333333334,,,,,1.5573536787088391,,,0,0,2,1.3531084318,7.3313807215,24.3610514273,-24.0254996803,-0.3916180816819548,1.713982593886687,,,,,,,,,4.34224457665,4.227276875826498,2.255010225075,20.04931605469099,9.0200409003,,,india,1,9.68959249192875,5.13140747176369,6.38,-2.62477212294165,29.8661330649563,9.68959249192875,-5.77772470686801,5.13140747176369,6.62343677628535,6.38,7.859,-2.62477212294165,-0.393151469925627,29.8661330649563,28.6796821131572,,,,,,,,,,,,,,,,
2021-04-01,,0.698132086128056,101.12833333333332,,,2.9,97.44633333333331,-0.5021568267305376,0.8452045621990756,,0,0,2,1.08706466823327,1.66974252080667,4.99465739150451,-7.24018302368422,0.3009979802801155,-0.4677920476571451,2.0003871815837293,6.3213723859878,,,2.8666666666666667,3.0666666666666664,,,1.3784035945199697,0.41201546080189205,0.12782038921505762,5.204845503505055,0.5112815568602305,0.033333333333333215,,japan,2,2.69657404187188,-0.233352779398264,2.808,-0.520062350346241,29.6493466370105,2.69657404187188,-4.16876457146743,-0.233352779398264,-0.024995834027731,2.808,2.809,-0.520062350346241,-0.268842908128662,29.6493466370105,28.1462434697604,-0.0193333333333333,102.66494962962965,-0.0166666666666666,-0.026,101.45694687179488,100.47385164206165,-0.002666666666666699,1.2080027578347625,,,,,,,,
2021-07-01,767976.9,0.1728498062515626,109.1887,,,3.4333333333333336,93.52448,0.9053082614444818,-3.2867605193834137,,0,0,3,2.235282793148308,-0.4755622737368625,0.8349355392017088,8.423542863141442,1.0447342955544947,1.754719944999561,-1.1269584346474737,0.2640245612640868,,,3.7,3.9,,,0.8798602597057228,1.9168569295406042,2.754549730438649,3.938090209459034,11.018198921754596,-0.2666666666666666,,germany,3,3.90999994204108,3.06666666666673,3.594,5.12014099730063,29.5132406376345,3.90999994204108,3.90999994204108,3.06666666666673,3.06666666666673,3.594,3.594,5.12014099730063,5.12014099730063,29.5132406376345,29.5132406376345,-0.5679942424000001,103.02022032828285,-0.5649625332,-0.5643506739,102.66494962962965,101.45694687179488,-0.0030317092000000656,0.35527069865320016,73.47,7.266666666666667,68.83333333333333,60.82,4.1000000000000005,1.2,4.63666666666667,3.166666666666666
2021-07-01,21617.828,0.8216679141918704,272.8296666666667,20819.866666666665,0.09,5.066666666666666,99.71783333333332,1.5809311250206015,0.4565928834231236,2.193607105778028,0,0,3,1.6875713541763204,1.386164653473898,1.127138965704333,7.475749636244799,1.8065741147178291,1.0101057493312915,1.661870318734504,0.2388446760531515,3.6892202955131737,3.471800119210755,5.933333333333334,6.233333333333333,0.07,0.08,1.5368680038251092,0.2131267219616953,2.9191561523998377,3.0463493904138703,11.676624609599351,-0.8666666666666671,0.01999999999999999,us,0,,,,,,,,,,,,,,,,,,,,,,,,,,,,,,,
2021-07-01,,12.183668017,135.5532,,,,,1.8318806178547755,,,0,0,3,-9.1087394137,1.3531084318,7.3313807215,24.3610514273,1.5573536787088391,-0.3916180816819548,,,,,,,,,-3.8778154909500007,7.397643555294922,5.984200291725001,14.009132658568491,23.936801166900004,,,india,1,9.68959249192875,5.13140747176369,6.38,-2.62477212294165,29.8661330649563,9.68959249192875,9.68959249192875,5.13140747176369,5.13140747176369,6.38,6.38,-2.62477212294165,-2.62477212294165,29.8661330649563,29.8661330649563,,,,,,,,,,,,,,,,
2021-07-01,,-0.14290261662312,,,,2.766666666666667,93.77083333333331,,-3.8447936727587617,,0,0,3,0.698132086128056,1.08706466823327,1.66974252080667,4.99465739150451,-0.5021568267305376,0.3009979802801155,0.8452045621990756,2.0003871815837293,,,2.9,2.8666666666666667,,,0.8925983771806626,0.2750168662310307,2.1123991666681263,1.9625510260493682,8.449596666672505,-0.13333333333333286,,japan,2,2.69657404187188,-0.233352779398264,2.808,-0.520062350346241,29.6493466370105,2.69657404187188,2.69657404187188,-0.233352779398264,-0.233352779398264,2.808,2.808,-0.520062350346241,-0.520062350346241,29.6493466370105,29.6493466370105,-0.0306666666666666,103.02022032828285,-0.0193333333333333,-0.0166666666666666,102.66494962962965,101.45694687179488,-0.0113333333333333,0.35527069865320016,,,,,,,,
2021-10-01,771587.2,0.4690037417489634,110.17266666666669,,,3.3666666666666667,96.32732,0.8971253972610782,2.9528755142590235,,0,0,4,0.1728498062515626,2.235282793148308,-0.4755622737368625,0.8349355392017088,0.9053082614444818,1.0447342955544947,-3.2867605193834137,-1.1269584346474737,,,3.4333333333333336,3.7,,,1.2040662996999354,1.4583603507775147,0.6918764662161793,1.1597227935552472,2.767505864864717,-0.06666666666666687,,germany,3,3.90999994204108,3.06666666666673,3.594,5.12014099730063,29.5132406376345,3.90999994204108,3.90999994204108,3.06666666666673,3.06666666666673,3.594,3.594,5.12014099730063,5.12014099730063,29.5132406376345,29.5132406376345,-0.5733407679,102.39595381313131,-0.5679942424000001,-0.5649625332,103.02022032828285,102.66494962962965,-0.005346525499999921,-0.6242665151515325,79.58666666666666,11.2,73.47,68.83333333333333,7.266666666666667,4.1000000000000005,6.11666666666666,3.9333333333333327
2021-10-01,21988.737,1.701202308971439,278.77133333333336,21336.0,0.08,4.166666666666667,100.54136666666666,2.154418314872242,0.8224720519453221,2.4488127812020366,0,0,4,0.8216679141918704,1.6875713541763204,1.386164653473898,1.127138965704333,1.5809311250206015,1.8065741147178291,0.4565928834231236,1.661870318734504,2.193607105778028,3.6892202955131737,5.066666666666666,5.933333333333334,0.09,0.07,1.2546196341840954,0.6122861942657457,1.2556357218866057,0.36898313732362625,5.022542887546423,-0.8999999999999995,-0.009999999999999995,us,0,,,,,,,,,,,,,,,,,,,,,,,,,,,,,,,
2021-10-01,,0.9052135097,138.08723333333333,,,,,1.8521427862915552,,,0,0,4,12.183668017,-9.1087394137,1.3531084318,7.3313807215,1.8318806178547755,1.5573536787088391,,,,,,,,,1.53746430165,15.056005682034804,2.93985443915,9.172785278081944,11.7594177566,,,india,1,9.68959249192875,5.13140747176369,6.38,-2.62477212294165,29.8661330649563,9.68959249192875,9.68959249192875,5.13140747176369,5.13140747176369,6.38,6.38,-2.62477212294165,-2.62477212294165,29.8661330649563,29.8661330649563,,,,,,,,,,,,,,,,
2021-10-01,,1.19716556474878,,,,2.733333333333333,95.80602666666664,,2.1471729450951216,,0,0,4,-0.14290261662312,0.698132086128056,1.08706466823327,1.66974252080667,,-0.5021568267305376,-3.8447936727587617,0.8452045621990756,,,2.766666666666667,2.9,,,0.27761473475246756,0.5947013415285886,0.8280091646362191,0.7605179242559825,3.3120366585448764,-0.0333333333333341,,japan,2,2.69657404187188,-0.233352779398264,2.808,-0.520062350346241,29.6493466370105,2.69657404187188,2.69657404187188,-0.233352779398264,-0.233352779398264,2.808,2.808,-0.520062350346241,-0.520062350346241,29.6493466370105,29.6493466370105,-0.0306666666666666,102.39595381313131,-0.0306666666666666,-0.0193333333333333,103.02022032828285,102.66494962962965,0.0,-0.6242665151515325,,,,,,,,
2022-01-01,777555.7,0.7705589370951671,112.21096666666666,,,3.233333333333333,95.77964,1.833189836377347,-0.5701839056739821,,0,0,1,0.4690037417489634,0.1728498062515626,2.235282793148308,-0.4755622737368625,0.8971253972610782,0.9053082614444818,2.9528755142590235,-3.2867605193834137,,,3.3666666666666667,3.4333333333333336,,,0.32092677400026304,0.2094124560652955,0.6003935168529929,1.1591089546897608,2.4015740674119717,-0.13333333333333375,,germany,3,1.8092581243061,6.87257438551096,3.137,2.47105447198695,27.0261056294321,3.90999994204108,3.90999994204108,3.06666666666673,3.06666666666673,3.594,3.594,5.12014099730063,5.12014099730063,29.5132406376345,29.5132406376345,-0.5778339192666667,102.256054,-0.5733407679,-0.5679942424000001,102.39595381313131,103.02022032828285,-0.0044931513666667255,-0.13989981313130784,100.29666666666668,10.0,79.58666666666666,73.47,11.2,7.266666666666667,20.710000000000022,-1.1999999999999993
2022-01-01,21932.71,-0.2551237912953752,284.90566666666666,21720.366666666665,0.12,3.8666666666666663,100.79423333333334,2.176627934253528,0.2511893570974699,1.7854589565937218,0,0,1,1.701202308971439,0.8216679141918704,1.6875713541763204,1.386164653473898,2.154418314872242,1.5809311250206015,0.8224720519453221,0.4565928834231236,2.4488127812020366,2.193607105778028,4.166666666666667,5.066666666666666,0.08,0.09,1.2614351115816547,0.6219247348354217,1.3991515577033822,0.4115323614427208,5.596606230813529,-0.3000000000000007,0.039999999999999994,us,0,,,,,,,,,,,,,,,,,,,,,,,,,,,,,,,
2022-01-01,,1.1619263108,138.124,,,,,0.026622137296961,,,0,0,1,0.9052135097,12.183668017,-9.1087394137,1.3531084318,1.8521427862915552,1.8318806178547755,,,,,,,,,6.54444076335,7.97507166341581,1.3333126361999998,8.697707047226288,5.333250544799999,,,india,1,7.60936497768895,6.69903414079852,4.822,-3.57218774082861,29.8126610526337,9.68959249192875,9.68959249192875,5.13140747176369,5.13140747176369,6.38,6.38,-2.62477212294165,-2.62477212294165,29.8661330649563,29.8661330649563,,,,,,,,,,,,,,,,
2022-01-01,,-0.325000840519363,,,,2.7,96.14016333333336,,0.3481569539688145,,0,0,1,1.19716556474878,-0.14290261662312,0.698132086128056,1.08706466823327,,,2.1471729450951216,-3.8447936727587617,,,2.733333333333333,2.766666666666667,,,0.5271314740628296,0.9475712983004069,0.7098649256217466,0.6074788609075884,2.8394597024869865,-0.03333333333333277,,japan,2,0.941998775483285,2.49770278172255,2.614,-3.7201385890606,28.7683676764073,2.69657404187188,2.69657404187188,-0.233352779398264,-0.233352779398264,2.808,2.808,-0.520062350346241,-0.520062350346241,29.6493466370105,29.6493466370105,-0.0153333333333333,102.256054,-0.0306666666666666,-0.0306666666666666,102.39595381313131,103.02022032828285,0.0153333333333333,-0.13989981313130784,,,,,,,,
2022-04-01,778513.5,0.1231050805403199,115.40896666666669,,,3.1,94.97423,2.810132136716348,-0.8444544649769625,,0,0,2,0.7705589370951671,0.4690037417489634,0.1728498062515626,2.235282793148308,1.833189836377347,0.8971253972610782,-0.5701839056739821,2.9528755142590235,,,3.233333333333333,3.3666666666666667,,,0.6197813394220653,0.21323172353133454,0.9119238195610003,0.91536360634212,3.6476952782440013,-0.13333333333333286,,germany,3,1.8092581243061,6.87257438551096,3.137,2.47105447198695,27.0261056294321,1.8092581243061,3.90999994204108,6.87257438551096,3.06666666666673,3.137,3.594,2.47105447198695,5.12014099730063,27.0261056294321,29.5132406376345,-0.5836909409666666,101.95987296296296,-0.5778339192666667,-0.5733407679,102.256054,102.39595381313131,-0.005857021699999909,-0.29618103703704435,113.54333333333334,5.8,100.29666666666668,79.58666666666666,10.0,11.2,13.246666666666655,-4.2
2022-04-01,21967.045,0.1564245950852694,291.60533333333336,21711.13333333333,0.77,3.633333333333333,101.26383333333332,2.3243158536129904,0.464817716257393,-0.0425190632258321,0,0,2,-0.2551237912953752,1.701202308971439,0.8216679141918704,1.6875713541763204,2.176627934253528,2.154418314872242,0.2511893570974699,0.8224720519453221,1.7854589565937218,2.4488127812020366,3.8666666666666663,4.166666666666667,0.12,0.08,0.7230392588380319,1.3833314517108906,0.9888294465110639,0.925756984748891,3.9553177860442554,-0.2333333333333334,0.65,us,0,,,,,,,,,,,,,,,,,,,,,,,,,,,,,,,
2022-04-01,,1.7115082603,141.72303333333335,,,,,2.5722851048249677,,,0,0,2,1.1619263108,0.9052135097,12.183668017,-9.1087394137,0.026622137296961,1.8521427862915552,,,,,,,,,1.03356991025,0.1815233624751055,1.28551710595,8.698087287564483,5.1420684238,,,india,1,7.60936497768895,6.69903414079852,4.822,-3.57218774082861,29.8126610526337,7.60936497768895,9.68959249192875,6.69903414079852,5.13140747176369,4.822,6.38,-3.57218774082861,-2.62477212294165,29.8126610526337,29.8661330649563,,,,,,,,,,,,,,,,
2022-04-01,,0.906846146994167,,,,2.6,94.31760333333334,,-1.913931542134062,,0,0,2,-0.325000840519363,1.19716556474878,-0.14290261662312,0.698132086128056,,,0.3481569539688145,2.1471729450951216,,,2.7,2.733333333333333,,,0.4360823621147081,1.0763341872594652,0.3568485484335883,0.7158391246644645,1.4273941937343533,-0.10000000000000009,,japan,2,0.941998775483285,2.49770278172255,2.614,-3.7201385890606,28.7683676764073,0.941998775483285,2.69657404187188,2.49770278172255,-0.233352779398264,2.614,2.808,-3.7201385890606,-0.520062350346241,28.7683676764073,29.6493466370105,-0.0226666666666666,101.95987296296296,-0.0153333333333333,-0.0306666666666666,102.256054,102.39595381313131,-0.007333333333333299,-0.29618103703704435,,,,,,,,
2022-07-01,,1.2899014317,143.74296666666666,,,,,1.4152067469181515,,,0,0,3,1.7115082603,1.1619263108,0.9052135097,12.183668017,2.5722851048249677,0.026622137296961,,,,,,,,,1.43671728555,0.3886131233091271,3.9905790244499997,5.472404326006835,15.962316097799999,,,india,1,7.60936497768895,6.69903414079852,4.822,-3.57218774082861,29.8126610526337,7.60936497768895,7.60936497768895,6.69903414079852,6.69903414079852,4.822,4.822,-3.57218774082861,-3.57218774082861,29.8126610526337,29.8126610526337,,,,,,,,,,,,,,,,
2022-07-01,22125.625,0.719306332529257,295.453,21610.83333333333,2.19,3.533333333333333,101.20369999999998,1.3108481880422571,-0.0594004718796448,-0.4630453644153931,0,0,3,0.1564245950852694,-0.2551237912953752,1.701202308971439,0.8216679141918704,2.3243158536129904,2.176627934253528,0.464817716257393,0.2511893570974699,-0.0425190632258321,1.7854589565937218,3.633333333333333,3.8666666666666663,0.77,0.12,-0.049349598105052905,0.2910086547961021,0.6060427567383011,0.8543287751435499,2.4241710269532044,-0.09999999999999964,1.42,us,0,,,,,,,,,,,,,,,,,,,,,,,,,,,,,,,
2022-07-01,781018.7,0.3212761050852109,117.2715,,,3.1,95.5219,1.6009707579844878,0.5749948924603565,,0,0,3,0.1231050805403199,0.7705589370951671,0.4690037417489634,0.1728498062515626,2.810132136716348,1.833189836377347,-0.8444544649769625,-0.5701839056739821,,,3.1,3.233333333333333,,,0.4468320088177435,0.4578190124753146,0.3838793914090033,0.29961305773369284,1.5355175656360132,0.0,,germany,3,1.8092581243061,6.87257438551096,3.137,2.47105447198695,27.0261056294321,1.8092581243061,1.8092581243061,6.87257438551096,6.87257438551096,3.137,3.137,2.47105447198695,2.47105447198695,27.0261056294321,27.0261056294321,-0.1370441229,101.1952259090909,-0.5836909409666666,-0.5778339192666667,101.95987296296296,102.256054,0.4466468180666666,-0.7646470538720678,100.71333333333332,0.0999999999999999,113.54333333333334,100.29666666666668,5.8,10.0,-12.830000000000013,-5.7
2022-07-01,,-0.359780244005647,,,,2.533333333333333,97.23370333333332,,3.0449547523382137,,0,0,3,0.906846146994167,-0.325000840519363,1.19716556474878,-0.14290261662312,,,-1.913931542134062,0.3481569539688145,,,2.6,2.7,,,0.2909226532374015,0.8710473582550509,0.40902706365011604,0.7555151603864979,1.6361082546004642,-0.06666666666666687,,japan,2,0.941998775483285,2.49770278172255,2.614,-3.7201385890606,28.7683676764073,0.941998775483285,0.941998775483285,2.49770278172255,2.49770278172255,2.614,2.614,-3.7201385890606,-3.7201385890606,28.7683676764073,28.7683676764073,-0.0263333333333333,101.1952259090909,-0.0226666666666666,-0.0153333333333333,101.95987296296296,102.256054,-0.0036666666666667,-0.7646470538720678,,,,,,,,
2022-10-01,778439.9,-0.3307304664110333,119.62606666666666,,,3.1,95.32861,1.9879007100800368,-0.2025565098963788,,0,0,4,0.3212761050852109,0.1231050805403199,0.7705589370951671,0.4690037417489634,1.6009707579844878,2.810132136716348,0.5749948924603565,-0.8444544649769625,,,3.1,3.1,,,0.22219059281276538,0.14012807529037788,0.42098596611741534,0.2727526640224637,1.6839438644696614,0.0,,germany,3,1.8092581243061,6.87257438551096,3.137,2.47105447198695,27.0261056294321,1.8092581243061,1.8092581243061,6.87257438551096,6.87257438551096,3.137,3.137,2.47105447198695,2.47105447198695,27.0261056294321,27.0261056294321,1.1419876262666666,100.6105474048174,-0.1370441229,-0.5836909409666666,101.1952259090909,101.95987296296296,1.2790317491666667,-0.5846785042734979,88.55666666666667,-2.8000000000000003,100.71333333333332,113.54333333333334,0.0999999999999999,5.8,-12.156666666666652,-2.9000000000000004
2022-10-01,,0.463443641911399,,,,2.533333333333333,96.29204666666668,,-0.9731667215500116,,0,0,4,-0.359780244005647,0.906846146994167,-0.325000840519363,1.19716556474878,,,3.0449547523382137,-1.913931542134062,,,2.533333333333333,2.6,,,0.2735329514942595,0.895640110305825,0.3548076568044843,0.8138568262180444,1.4192306272179371,0.0,,japan,2,0.941998775483285,2.49770278172255,2.614,-3.7201385890606,28.7683676764073,0.941998775483285,0.941998775483285,2.49770278172255,2.49770278172255,2.614,2.614,-3.7201385890606,-3.7201385890606,28.7683676764073,28.7683676764073,-0.0623333333333333,100.6105474048174,-0.0263333333333333,-0.0226666666666666,101.1952259090909,101.95987296296296,-0.036000000000000004,-0.5846785042734979,,,,,,,,
2022-10-01,,4.7529748461,145.90973333333332,,,,,1.4961414719397048,,,0,0,4,1.2899014317,1.7115082603,1.1619263108,0.9052135097,1.4152067469181515,2.5722851048249677,,,,,,,,,1.500704846,0.2981210474975551,1.2671373781249997,0.336670926515899,5.068549512499999,,,india,1,7.60936497768895,6.69903414079852,4.822,-3.57218774082861,29.8126610526337,7.60936497768895,7.60936497768895,6.69903414079852,6.69903414079852,4.822,4.822,-3.57218774082861,-3.57218774082861,29.8126610526337,29.8126610526337,,,,,,,,,,,,,,,,
2022-10-01,22278.345,0.6878691350323152,298.5416666666667,21388.93333333333,3.653333333333333,3.5666666666666664,100.65816666666667,1.039973817182549,-0.5405029394184524,-1.032107785770009,0,0,4,0.719306332529257,0.1564245950852694,-0.2551237912953752,1.701202308971439,1.3108481880422571,2.3243158536129904,-0.0594004718796448,0.464817716257393,-0.4630453644153931,-0.0425190632258321,3.533333333333333,3.633333333333333,2.19,0.77,0.4378654638072632,0.3980174935526842,0.5804523613226478,0.8472205387498569,2.321809445290591,0.033333333333333215,1.463333333333333,us,0,,,,,,,,,,,,,,,,,,,,,,,,,,,,,,,
2023-01-01,,0.815941608809911,,,,2.6,94.13535,,-2.2652086027977525,,0,0,1,0.463443641911399,-0.359780244005647,0.906846146994167,-0.325000840519363,,,-0.9731667215500116,3.0449547523382137,,,2.533333333333333,2.533333333333333,,,0.05183169895287554,0.5821071921667046,0.17137717609513903,0.6204129721177494,0.6855087043805561,0.06666666666666687,,japan,2,1.47503481053384,3.26813365933163,2.6,-1.44769708360611,29.9793389407217,0.941998775483285,0.941998775483285,2.49770278172255,2.49770278172255,2.614,2.614,-3.7201385890606,-3.7201385890606,28.7683676764073,28.7683676764073,-0.0186666666666666,98.32985865682237,-0.0623333333333333,-0.0263333333333333,100.6105474048174,101.1952259090909,0.0436666666666667,-2.280688747995029,,,,,,,,
2023-01-01,773153.2,-0.681457072578695,121.45353333333333,,,3.033333333333333,96.55283,1.5160981443056445,1.276034421287786,,0,0,1,-0.3307304664110333,0.3212761050852109,0.1231050805403199,0.7705589370951671,1.9879007100800368,1.6009707579844878,-0.2025565098963788,0.5749948924603565,,,3.1,3.1,,,-0.004727180662911223,0.4610382680831857,0.22105241407741613,0.4568224434159018,0.8842096563096645,-0.06666666666666687,,germany,3,-0.869647578573321,5.94643667725823,3.071,3.97197646060612,27.603985079805,1.8092581243061,1.8092581243061,6.87257438551096,6.87257438551096,3.137,3.137,2.47105447198695,2.47105447198695,27.0261056294321,27.0261056294321,2.203439243733333,98.32985865682237,1.1419876262666666,-0.1370441229,100.6105474048174,101.1952259090909,1.0614516174666664,-2.280688747995029,81.17333333333333,-3.8333333333333335,88.55666666666667,100.71333333333332,-2.8000000000000003,0.0999999999999999,-7.38333333333334,-1.0333333333333332
2023-01-01,,-0.3576294861,146.46063333333333,,,,,0.3768512235055254,,,0,0,1,4.7529748461,1.2899014317,1.7115082603,1.1619263108,1.4961414719397048,1.4152067469181515,,,,,,,,,3.0214381389,2.4487626950690835,2.2290777122249996,1.6989015156282778,8.916310848899998,,,india,1,9.19075493028345,5.64914318907925,4.172,-2.09544672104786,30.9390060732482,7.60936497768895,7.60936497768895,6.69903414079852,6.69903414079852,4.822,4.822,-3.57218774082861,-3.57218774082861,29.8126610526337,29.8126610526337,,,,,,,,,,,,,,,,
2023-01-01,22439.607,0.7212436699248315,301.23033333333336,21152.166666666668,4.516666666666667,3.533333333333333,100.72236666666667,0.8965689218673134,0.0637598889150936,-1.1131311197763338,0,0,1,0.6878691350323152,0.719306332529257,0.1564245950852694,-0.2551237912953752,1.039973817182549,1.3108481880422571,-0.5405029394184524,-0.0594004718796448,-1.032107785770009,-0.4630453644153931,3.5666666666666664,3.533333333333333,3.653333333333333,2.19,0.7035877337807861,0.022229455531125115,0.3271190678378668,0.466224127649222,1.3084762713514673,-0.033333333333333215,0.8633333333333337,us,0,,,,,,,,,,,,,,,,,,,,,,,,,,,,,,,
2023-04-01,,1.5762159925,148.8478,,,,,1.6167629474026055,,,0,0,2,-0.3576294861,4.7529748461,1.2899014317,1.7115082603,0.3768512235055254,1.4961414719397048,,,,,,,,,2.19767268,3.6137429792599622,1.8491887629999995,2.1318050755750093,7.396755051999998,,,india,1,9.19075493028345,5.64914318907925,4.172,-2.09544672104786,30.9390060732482,9.19075493028345,7.60936497768895,5.64914318907925,6.69903414079852,4.172,4.822,-2.09544672104786,-3.57218774082861,30.9390060732482,29.8126610526337,,,,,,,,,,,,,,,,
2023-04-01,772342.6,-0.1048983859199381,122.96466666666667,,,3.0,94.87758,1.2365303301741903,-1.7502890660716195,,0,0,2,-0.681457072578695,-0.3307304664110333,0.3212761050852109,0.1231050805403199,1.5160981443056445,1.9879007100800368,1.276034421287786,-0.2025565098963788,,,3.033333333333333,3.1,,,-0.5060937694948642,0.24800116156369703,-0.1419515883410494,0.45149328751132134,-0.5678063533641976,-0.033333333333333215,,germany,3,-0.869647578573321,5.94643667725823,3.071,3.97197646060612,27.603985079805,-0.869647578573321,1.8092581243061,5.94643667725823,6.87257438551096,3.071,3.137,3.97197646060612,2.47105447198695,27.603985079805,27.0261056294321,3.049993552166667,97.9567539890873,2.203439243733333,1.1419876262666666,98.32985865682237,100.6105474048174,0.8465543084333338,-0.37310466773506334,78.31666666666666,-8.733333333333333,81.17333333333333,88.55666666666667,-3.8333333333333335,-2.8000000000000003,-2.856666666666669,-4.899999999999999
2023-04-01,,0.07956300816101,,,,2.533333333333333,94.71249,,0.6112241440556332,,0,0,2,0.815941608809911,0.463443641911399,-0.359780244005647,0.906846146994167,,,-2.2652086027977525,-0.9731667215500116,,,2.6,2.533333333333333,,,0.6396926253606545,0.24925370274845443,0.4566127884274575,0.5768799766237737,1.82645115370983,-0.06666666666666687,,japan,2,1.47503481053384,3.26813365933163,2.6,-1.44769708360611,29.9793389407217,1.47503481053384,0.941998775483285,3.26813365933163,2.49770278172255,2.6,2.614,-1.44769708360611,-3.7201385890606,29.9793389407217,28.7683676764073,-0.044,97.9567539890873,-0.0186666666666666,-0.0623333333333333,98.32985865682237,100.6105474048174,-0.0253333333333334,-0.37310466773506334,,,,,,,,
2023-04-01,22580.499,0.6259090548015322,303.3976666666667,20795.6,4.989999999999999,3.533333333333333,100.76706666666666,0.7169177134413118,0.044369573127323,-1.7000917245455938,0,0,2,0.7212436699248315,0.6878691350323152,0.719306332529257,0.1564245950852694,0.8965689218673134,1.039973817182549,0.0637598889150936,-0.5405029394184524,-1.1131311197763338,-1.032107785770009,3.533333333333333,3.5666666666666664,4.516666666666667,3.653333333333333,0.7045564024785733,0.02359935994100894,0.5712109331429185,0.27694699356434765,2.284843732571674,0.0,0.4733333333333327,us,0,,,,,,,,,,,,,,,,,,,,,,,,,,,,,,,
2023-07-01,773521.5,0.1525231394587933,123.84319999999998,,,3.0666666666666664,92.46134,0.7119198068950006,-2.57968178132586,,0,0,3,-0.1048983859199381,-0.681457072578695,-0.3307304664110333,0.3212761050852109,1.2365303301741903,1.5160981443056445,-1.7502890660716195,1.276034421287786,,,3.0,3.033333333333333,,,-0.39317772924931654,0.4076885570884167,-0.19895245495611388,0.4201825289541996,-0.7958098198244555,0.06666666666666643,,germany,3,-0.869647578573321,5.94643667725823,3.071,3.97197646060612,27.603985079805,-0.869647578573321,-0.869647578573321,5.94643667725823,5.94643667725823,3.071,3.071,3.97197646060612,3.97197646060612,27.603985079805,27.603985079805,3.575383919933333,91.8095999849729,3.049993552166667,2.203439243733333,97.9567539890873,98.32985865682237,0.5253903677666663,-6.147154004114398,86.66000000000001,-16.866666666666667,78.31666666666666,81.17333333333333,-8.733333333333333,-3.8333333333333335,8.343333333333348,-8.133333333333335
2023-07-01,,-1.36609230186399,,,,2.6,94.16572333333332,,-0.5789637505707823,,0,0,3,0.07956300816101,0.815941608809911,0.463443641911399,-0.359780244005647,,,0.6112241440556332,-2.2652086027977525,,,2.533333333333333,2.6,,,0.44775230848546005,0.5206983020395206,0.2497920037191683,0.5055454592060749,0.9991680148766732,0.06666666666666687,,japan,2,1.47503481053384,3.26813365933163,2.6,-1.44769708360611,29.9793389407217,1.47503481053384,1.47503481053384,3.26813365933163,3.26813365933163,2.6,2.6,-1.44769708360611,-1.44769708360611,29.9793389407217,29.9793389407217,-0.0546666666666666,91.8095999849729,-0.044,-0.0186666666666666,97.9567539890873,98.32985865682237,-0.010666666666666602,-6.147154004114398,,,,,,,,
2023-07-01,22840.989,1.1470027396091709,305.989,20775.93333333333,5.260000000000001,3.633333333333333,100.92236666666668,0.850477732641508,0.1539991740028057,-0.0946160343721302,0,0,3,0.6259090548015322,0.7212436699248315,0.6878691350323152,0.719306332529257,0.7169177134413118,0.8965689218673134,0.044369573127323,0.0637598889150936,-1.7000917245455938,-1.1131311197763338,3.533333333333333,3.533333333333333,4.989999999999999,4.516666666666667,0.6735763623631819,0.0674117528353421,0.6885820480719842,0.04449410271010094,2.754328192287937,0.09999999999999964,0.27000000000000135,us,0,,,,,,,,,,,,,,,,,,,,,,,,,,,,,,,
2023-07-01,,2.224873818,152.92430000000002,,,,,2.701872033821129,,,0,0,3,1.5762159925,-0.3576294861,4.7529748461,1.2899014317,1.6167629474026055,0.3768512235055254,,,,,,,,,0.6092932532000005,1.3674352516849928,1.8153656960499998,2.1357871971025277,7.261462784199999,,,india,1,9.19075493028345,5.64914318907925,4.172,-2.09544672104786,30.9390060732482,9.19075493028345,9.19075493028345,5.64914318907925,5.64914318907925,4.172,4.172,-2.09544672104786,-2.09544672104786,30.9390060732482,30.9390060732482,,,,,,,,,,,,,,,,
2023-10-01,,2.0938490727,152.88756666666666,,,,,-0.0240234847066922,,,0,0,4,2.224873818,1.5762159925,-0.3576294861,4.7529748461,2.701872033821129,1.6167629474026055,,,,,,,,,1.9005449052500003,0.4586703470807353,2.049108792625,2.110118616094797,8.1964351705,,,india,1,9.19075493028345,5.64914318907925,4.172,-2.09544672104786,30.9390060732482,9.19075493028345,9.19075493028345,5.64914318907925,5.64914318907925,4.172,4.172,-2.09544672104786,-2.09544672104786,30.9390060732482,30.9390060732482,,,,,,,,,,,,,,,,
2023-10-01,,0.528964506378871,,,,2.533333333333333,95.16813,,1.0588872673043426,,0,0,4,-1.36609230186399,0.07956300816101,0.815941608809911,0.463443641911399,,,-0.5789637505707823,0.6112241440556332,,,2.6,2.533333333333333,,,-0.6432646468514904,1.0222326729770308,-0.0017860107454174545,0.9579607522157942,-0.007144042981669818,-0.06666666666666687,,japan,2,1.47503481053384,3.26813365933163,2.6,-1.44769708360611,29.9793389407217,1.47503481053384,1.47503481053384,3.26813365933163,3.26813365933163,2.6,2.6,-1.44769708360611,-1.44769708360611,29.9793389407217,29.9793389407217,-0.0156666666666666,83.19794743739106,-0.0546666666666666,-0.044,91.8095999849729,97.9567539890873,0.039,-8.61165254758184,,,,,,,,
2023-10-01,771163.7,-0.3052792674047566,123.87833333333332,,,3.1666666666666665,91.23711,0.0283651833542286,-1.3328888998227484,,0,0,4,0.1525231394587933,-0.1048983859199381,-0.681457072578695,-0.3307304664110333,0.7119198068950006,1.2365303301741903,-2.57968178132586,-1.7502890660716195,,,3.0666666666666664,3.0,,,0.0238123767694276,0.18202450621868554,-0.24114069636271832,0.3537598153407454,-0.9645627854508733,0.10000000000000009,,germany,3,-0.869647578573321,5.94643667725823,3.071,3.97197646060612,27.603985079805,-0.869647578573321,-0.869647578573321,5.94643667725823,5.94643667725823,3.071,3.071,3.97197646060612,3.97197646060612,27.603985079805,27.603985079805,3.902415398733333,83.19794743739106,3.575383919933333,3.049993552166667,91.8095999849729,97.9567539890873,0.32703147879999994,-8.61165254758184,83.72333333333333,-17.566666666666666,86.66000000000001,78.31666666666666,-16.866666666666667,-8.733333333333333,-2.9366666666666816,-0.6999999999999993
2023-10-01,23033.78,0.8405149026469161,308.195,20755.7,5.33,3.8,100.6453,0.7183545928922008,-0.2749119893547203,-0.0974357775515244,0,0,4,1.1470027396091709,0.6259090548015322,0.7212436699248315,0.6878691350323152,0.850477732641508,0.7169177134413118,0.1539991740028057,0.044369573127323,-0.0946160343721302,-1.7000917245455938,3.633333333333333,3.533333333333333,5.260000000000001,4.989999999999999,0.8864558972053516,0.3684688781609383,0.7955061498419627,0.23763674669874144,3.1820245993678506,0.16666666666666696,0.0699999999999994,us,0,,,,,,,,,,,,,,,,,,,,,,,,,,,,,,,
2024-01-01,23082.119,0.2096414414644698,311.00333333333333,20907.7,5.33,3.8333333333333335,99.98826666666666,0.907093071265752,-0.6549608751896585,0.7296604423943975,0,0,1,0.8405149026469161,1.1470027396091709,0.6259090548015322,0.7212436699248315,0.7183545928922008,0.850477732641508,-0.2749119893547203,0.1539991740028057,-0.0974357775515244,-0.0946160343721302,3.8,3.633333333333333,5.33,5.260000000000001,0.9937588211280435,0.2167196278671586,0.8336675917456129,0.22658960583982954,3.3346703669824516,0.03333333333333366,0.0,us,0,,,,,,,,,,,,,,,,,,,,,,,,,,,,,,,
2024-01-01,,-0.299533009911468,,,,2.566666666666667,90.09533333333331,,-5.477674787184306,,0,0,1,0.528964506378871,-1.36609230186399,0.07956300816101,0.815941608809911,,,1.0588872673043426,-0.5789637505707823,,,2.533333333333333,2.6,,,-0.41856389774256,1.3400075198422716,0.014594205371450536,0.9690632322254876,0.058376821485802144,0.03333333333333366,,japan,2,0.104309021773304,2.73853681635241,2.5,-0.868951885736313,31.068062509507,1.47503481053384,1.47503481053384,3.26813365933163,3.26813365933163,2.6,2.6,-1.44769708360611,-1.44769708360611,29.9793389407217,29.9793389407217,0.0006666666666666,84.63094404655862,-0.0156666666666666,-0.0546666666666666,83.19794743739106,91.8095999849729,0.0163333333333332,1.43299660916756,,,,,,,,
2024-01-01,772803.1,0.2123621590968127,124.51093333333334,,,3.233333333333333,91.52706,0.5093628853014565,0.317294405416213,,0,0,1,-0.3052792674047566,0.1525231394587933,-0.1048983859199381,-0.681457072578695,0.0283651833542286,0.7119198068950006,-1.3328888998227484,-2.57968178132586,,,3.1666666666666665,3.0666666666666664,,,-0.07637806397298164,0.3237151863367388,-0.23477789661114912,0.3518349562721349,-0.9391115864445965,0.06666666666666643,,germany,3,-0.495851897260366,2.2564981433876,3.4,3.77738815468807,27.1419009835217,-0.869647578573321,-0.869647578573321,5.94643667725823,5.94643667725823,3.071,3.071,3.97197646060612,3.97197646060612,27.603985079805,27.603985079805,3.9062120866,84.63094404655862,3.902415398733333,3.575383919933333,83.19794743739106,91.8095999849729,0.0037966878666670922,1.43299660916756,83.00333333333333,-18.7,83.72333333333333,86.66000000000001,-17.566666666666666,-16.866666666666667,-0.7199999999999989,-1.1333333333333329
2024-01-01,,1.4058621254,153.14466666666667,,,,,0.168021556216491,,,0,0,1,2.0938490727,2.224873818,1.5762159925,-0.3576294861,-0.0240234847066922,2.701872033821129,,,,,,,,,2.15936144535,0.09264848590469854,1.384327349275,1.194595372194584,5.5373093971,,,india,1,6.49476552383821,4.95303550973656,4.173,-2.32560140279504,30.268447331199,9.19075493028345,9.19075493028345,5.64914318907925,5.64914318907925,4.172,4.172,-2.09544672104786,-2.09544672104786,30.9390060732482,30.9390060732482,,,,,,,,,,,,,,,,
2024-04-01,23286.508,0.8815888542736516,313.0806666666667,21015.966666666667,5.33,3.9666666666666655,100.6668,0.665724808016499,0.676320743853065,0.5164954115819853,0,0,2,0.2096414414644698,0.8405149026469161,1.1470027396091709,0.6259090548015322,0.907093071265752,0.7183545928922008,-0.6549608751896585,-0.2749119893547203,0.7296604423943975,-0.0974357775515244,3.8333333333333335,3.8,5.33,5.33,0.525078172055693,0.44609490247271316,0.7057670346305225,0.39385438782189724,2.82306813852209,0.13333333333333197,0.0,us,0,,,,,,,,,,,,,,,,,,,,,,,,,,,,,,,
2024-04-01,771771.5,-0.1335772520652867,125.77606666666668,,,3.4,,1.0109547106673666,,,0,0,2,0.2123621590968127,-0.3052792674047566,0.1525231394587933,-0.1048983859199381,0.5093628853014565,0.0283651833542286,0.317294405416213,-1.3328888998227484,,,3.233333333333333,3.1666666666666665,,,-0.046458554153971945,0.3660277629023373,-0.011323088692272172,0.2394766848862119,-0.04529235476908869,0.16666666666666696,,germany,3,-0.495851897260366,2.2564981433876,3.4,3.77738815468807,27.1419009835217,-0.495851897260366,-0.869647578573321,2.2564981433876,5.94643667725823,3.4,3.071,3.77738815468807,3.97197646060612,27.1419009835217,27.603985079805,3.8670910995666663,86.4205836240908,3.9062120866,3.902415398733333,84.63094404655862,83.19794743739106,-0.039120987033333776,1.7896395775321707,84.64666666666666,-17.766666666666666,83.00333333333333,83.72333333333333,-18.7,-17.566666666666666,1.6433333333333309,0.9333333333333336
2024-04-01,,1.8366183722,154.50346666666667,,,,,0.8833525632001127,,,0,0,2,1.4058621254,2.0938490727,2.224873818,1.5762159925,0.168021556216491,-0.0240234847066922,,,,,,,,,1.7498555990500004,0.4864802358036294,1.82520025215,0.3957056035832272,7.3008010086,,,india,1,6.49476552383821,4.95303550973656,4.173,-2.32560140279504,30.268447331199,6.49476552383821,9.19075493028345,4.95303550973656,5.64914318907925,4.173,4.172,-2.32560140279504,-2.09544672104786,30.268447331199,30.9390060732482,,,,,,,,,,,,,,,,
2024-04-01,,-0.020911325164064,,,,2.566666666666667,,,,,0,0,2,-0.299533009911468,0.528964506378871,-1.36609230186399,0.07956300816101,,,-5.477674787184306,1.0588872673043426,,,2.566666666666667,2.533333333333333,,,0.11471574823370109,0.5858362119651319,-0.2642744493088942,0.8088465005353537,-1.0570977972355768,0.0,,japan,2,0.104309021773304,2.73853681635241,2.5,-0.868951885736313,31.068062509507,0.104309021773304,1.47503481053384,2.73853681635241,3.26813365933163,2.5,2.6,-0.868951885736313,-1.44769708360611,31.068062509507,29.9793389407217,0.077,86.4205836240908,0.0006666666666666,-0.0156666666666666,84.63094404655862,83.19794743739106,0.0763333333333334,1.7896395775321707,,,,,,,,
2024-07-01,23478.57,0.8213953149049047,314.12100000000004,21188.733333333334,5.263333333333333,4.166666666666667,100.07166666666669,0.3317383682787778,-0.5929457237361824,0.8187127580473685,0,0,3,0.8815888542736516,0.2096414414644698,0.8405149026469161,1.1470027396091709,0.665724808016499,0.907093071265752,0.676320743853065,-0.6549608751896585,0.5164954115819853,0.7296604423943975,3.9666666666666655,3.8333333333333335,5.33,5.33,0.5456151478690607,0.47513857219810746,0.7696869844985523,0.3973062679996429,3.0787479379942093,0.2000000000000015,-0.06666666666666732,us,0,,,,,,,,,,,,,,,,,,,,,,,,,,,,,,,
2024-07-01,772582.1,0.1049759685139761,126.23293333333334,,,3.4,,0.3625800405385071,,,0,0,3,-0.1335772520652867,0.2123621590968127,-0.3052792674047566,0.1525231394587933,1.0109547106673666,0.5093628853014565,,0.317294405416213,,,3.4,3.233333333333333,,,0.039392453515762996,0.24461610351240134,-0.018492805228609323,0.2436058104686162,-0.0739712209144373,0.0,,germany,3,-0.495851897260366,2.2564981433876,3.4,3.77738815468807,27.1419009835217,-0.495851897260366,-0.495851897260366,2.2564981433876,2.2564981433876,3.4,3.4,3.77738815468807,3.77738815468807,27.1419009835217,27.1419009835217,3.6398456619333337,90.96521569209568,3.8670910995666663,3.9062120866,86.4205836240908,84.63094404655862,-0.2272454376333326,4.544632068004887,79.84333333333333,-16.133333333333333,84.64666666666666,83.00333333333333,-17.766666666666666,-18.7,-4.8033333333333275,1.6333333333333329
2024-07-01,,1.2881478867,157.4048,,,,,1.8604297013029123,,,0,0,3,1.8366183722,1.4058621254,2.0938490727,2.224873818,0.8833525632001127,0.168021556216491,,,,,,,,,1.6212402488000004,0.3045906631506945,1.8903008470749998,0.3609864430488399,7.561203388299999,,,india,1,6.49476552383821,4.95303550973656,4.173,-2.32560140279504,30.268447331199,6.49476552383821,6.49476552383821,4.95303550973656,4.95303550973656,4.173,4.173,-2.32560140279504,-2.32560140279504,30.268447331199,30.268447331199,,,,,,,,,,,,,,,,
2024-07-01,,0.683486574885883,,,,2.533333333333333,,,,,0,0,3,-0.020911325164064,-0.299533009911468,0.528964506378871,-1.36609230186399,,,,-5.477674787184306,,,2.566666666666667,2.566666666666667,,,-0.16022216753776644,0.197015282670574,-0.2893930326401627,0.7960685951191117,-1.1575721305606508,-0.03333333333333366,,japan,2,0.104309021773304,2.73853681635241,2.5,-0.868951885736313,31.068062509507,0.104309021773304,0.104309021773304,2.73853681635241,2.73853681635241,2.5,2.5,-0.868951885736313,-0.868951885736313,31.068062509507,31.068062509507,0.1773333333333333,90.96521569209568,0.077,0.0006666666666666,86.4205836240908,84.63094404655862,0.10033333333333329,4.544632068004887,,,,,,,,
2024-10-01,23586.542,0.4588204928330341,316.5876666666666,21426.366666666665,4.65,4.133333333333333,99.69643333333332,0.782192912016999,-0.3756693632577246,1.115265698930834,0,0,4,0.8213953149049047,0.8815888542736516,0.2096414414644698,0.8405149026469161,0.3317383682787778,0.665724808016499,-0.5929457237361824,0.676320743853065,0.8187127580473685,0.5164954115819853,4.166666666666667,3.9666666666666655,5.263333333333333,5.33,0.8514920845892782,0.04256325987101516,0.6882851283224858,0.320082455730026,2.753140513289943,-0.0333333333333341,-0.6133333333333324,us,0,,,,,,,,,,,,,,,,,,,,,,,,,,,,,,,
2024-10-01,774276.8,0.2191150955063392,126.7249,,,3.4333333333333336,,0.3889717748351451,,,0,0,4,0.1049759685139761,-0.1335772520652867,0.2123621590968127,-0.3052792674047566,0.3625800405385071,1.0109547106673666,,,,,3.4,3.4,,,-0.0143006417756553,0.16868259994548646,-0.03037959796481363,0.23342684369210348,-0.12151839185925452,0.03333333333333366,,germany,3,-0.495851897260366,2.2564981433876,3.4,3.77738815468807,27.1419009835217,-0.495851897260366,-0.495851897260366,2.2564981433876,2.2564981433876,3.4,3.4,3.77738815468807,3.77738815468807,27.1419009835217,27.1419009835217,3.213015693233333,87.55327829858204,3.6398456619333337,3.8670910995666663,90.96521569209568,86.4205836240908,-0.4268299687000008,-3.4119373935136394,74.61333333333333,-15.833333333333334,79.84333333333333,84.64666666666666,-16.133333333333333,-17.766666666666666,-5.230000000000004,0.29999999999999893
2024-10-01,,2.0424396432,158.91049999999998,,,,,0.9520319583629088,,,0,0,4,1.2881478867,1.8366183722,1.4058621254,2.0938490727,1.8604297013029123,0.8833525632001127,,,,,,,,,1.5623831294500006,0.38782719957768763,1.6561193642499998,0.3751528059415673,6.624477456999999,,,india,1,6.49476552383821,4.95303550973656,4.173,-2.32560140279504,30.268447331199,6.49476552383821,6.49476552383821,4.95303550973656,4.95303550973656,4.173,4.173,-2.32560140279504,-2.32560140279504,30.268447331199,30.268447331199,,,,,,,,,,,,,,,,
2024-10-01,,0.348138782731122,,,,2.5,,,,,0,0,4,0.683486574885883,-0.020911325164064,-0.299533009911468,0.528964506378871,,,,,,,2.533333333333333,2.566666666666667,,,0.33128762486090907,0.498084531778906,0.22300168654730562,0.46122866555641034,0.8920067461892225,-0.033333333333333215,,japan,2,0.104309021773304,2.73853681635241,2.5,-0.868951885736313,31.068062509507,0.104309021773304,0.104309021773304,2.73853681635241,2.73853681635241,2.5,2.5,-0.868951885736313,-0.868951885736313,31.068062509507,31.068062509507,0.227,87.55327829858204,0.1773333333333333,0.077,90.96521569209568,86.4205836240908,0.04966666666666672,-3.4119373935136394,,,,,,,,
2025-01-01,23548.21,-0.1626486056421683,319.475,21610.233333333334,4.33,4.133333333333334,100.7348,0.9078832376236968,1.036141861938944,0.854471707218174,0,0,1,0.4588204928330341,0.8213953149049047,0.8815888542736516,0.2096414414644698,0.782192912016999,0.3317383682787778,-0.3756693632577246,-0.5929457237361824,1.115265698930834,0.8187127580473685,4.133333333333333,4.166666666666667,4.65,5.263333333333333,0.6401079038689694,0.25637911537448566,0.5928615258690153,0.31644683309477656,2.371446103476061,8.881784197001252e-16,-0.3200000000000003,us,0,,,,,,,,,,,,,,,,,,,,,,,,,,,,,,,
2025-01-01,,0.50732622305063,,,,2.466666666666667,,,,,0,0,1,0.348138782731122,0.683486574885883,-0.020911325164064,-0.299533009911468,,,,,,,2.5,2.533333333333333,,,0.515812678808502,0.23712669788861915,0.17779525563536835,0.42897832343514847,0.7111810225414734,-0.033333333333333215,,japan,2,,,2.451,,,0.104309021773304,0.104309021773304,2.73853681635241,2.73853681635241,2.5,2.5,-0.868951885736313,-0.868951885736313,31.068062509507,31.068062509507,0.416,88.57077865990833,0.227,0.1773333333333333,87.55327829858204,90.96521569209568,0.18899999999999997,1.0175003613262845,,,,,,,,
2025-01-01,,1.7706886671,157.55166666666668,,,,,-0.8587703855074125,,,0,0,1,2.0424396432,1.2881478867,1.8366183722,1.4058621254,0.9520319583629088,1.8604297013029123,,,,,,,,,1.6652937649500004,0.5333648160142324,1.643267006875,0.3555250630290354,6.5730680275,,,india,1,,,4.219,,,6.49476552383821,6.49476552383821,4.95303550973656,4.95303550973656,4.173,4.173,-2.32560140279504,-2.32560140279504,30.268447331199,30.268447331199,,,,,,,,,,,,,,,,
2025-01-01,775197.8,0.1188790198257905,127.32236666666668,,,3.5666666666666664,,0.4703595327164578,,,0,0,1,0.2191150955063392,0.1049759685139761,-0.1335772520652867,0.2123621590968127,0.3889717748351451,0.3625800405385071,,,,,3.4333333333333336,3.4,,,0.16204553201015764,0.08070855069501132,0.10071899276296031,0.1647166111002109,0.40287597105184125,0.13333333333333286,,germany,3,,,3.711,,,-0.495851897260366,-0.495851897260366,2.2564981433876,2.2564981433876,3.4,3.4,3.77738815468807,3.77738815468807,27.1419009835217,27.1419009835217,2.727418673166667,88.57077865990833,3.213015693233333,3.6398456619333337,87.55327829858204,90.96521569209568,-0.48559702006666594,1.0175003613262845,75.81333333333333,-15.133333333333333,74.61333333333333,79.84333333333333,-15.833333333333334,-16.133333333333333,1.2000000000000028,0.7000000000000011
2025-04-01,,0.270451716767206,,,,2.5,,,,,0,0,2,0.50732622305063,0.348138782731122,0.683486574885883,-0.020911325164064,,,,,,,2.466666666666667,2.5,,,0.42773250289087555,0.11256251852976036,0.3795100638758928,0.3000334069584776,1.5180402555035712,0.033333333333333215,,japan,2,,,2.451,,,,0.104309021773304,,2.73853681635241,2.451,2.5,,-0.868951885736313,,31.068062509507,0.477,87.78928390232835,0.416,0.227,88.57077865990833,87.55327829858204,0.061,-0.7814947575799778,,,,,,,,
2025-04-01,,1.823812776,,,,,,,,,0,0,2,1.7706886671,2.0424396432,1.2881478867,1.8366183722,-0.8587703855074125,0.9520319583629088,,,,,,,,,1.9065641551500003,0.19215695799429017,1.7344736422999998,0.3192672922435261,6.937894569199999,,,india,1,,,4.219,,,,6.49476552383821,,4.95303550973656,4.219,4.173,,-2.32560140279504,,30.268447331199,,,,,,,,,,,,,,,,
2025-04-01,775050.5,-0.019003407446938,,,,3.7000000000000006,,,,,0,0,2,0.1188790198257905,0.2191150955063392,0.1049759685139761,-0.1335772520652867,0.4703595327164578,0.3889717748351451,,,,,3.5666666666666664,3.4333333333333336,,,0.16899705766606485,0.07087760883324266,0.07734820794520478,0.1495275911873764,0.3093928317808191,0.1333333333333342,,germany,3,,,3.711,,,,-0.495851897260366,,2.2564981433876,3.711,3.4,,3.77738815468807,,27.1419009835217,2.1976737063666665,87.78928390232835,2.727418673166667,3.213015693233333,88.57077865990833,87.55327829858204,-0.5297449668000005,-0.7814947575799778,68.00666666666666,-15.333333333333334,75.81333333333333,74.61333333333333,-15.133333333333333,-15.833333333333334,-7.806666666666672,-0.20000000000000107
2025-04-01,23770.976,0.9415531607956495,320.78566666666666,21849.83333333333,4.33,4.2,101.19063333333334,0.4094171532663004,0.4514875616419722,1.102632581663343,0,0,2,-0.1626486056421683,0.4588204928330341,0.8213953149049047,0.8815888542736516,0.9078832376236968,0.782192912016999,1.036141861938944,-0.3756693632577246,0.854471707218174,1.115265698930834,4.133333333333334,4.133333333333333,4.33,4.65,0.14808594359543292,0.43944501382968365,0.49978901409235577,0.47948018744556176,1.999156056369423,0.06666666666666643,0.0,us,0,,,,,,,,,,,,,,,,,,,,,,,,,,,,,,,
2025-07-01,,-0.587492935665246,,,,2.533333333333333,,,,,0,0,3,0.270451716767206,0.50732622305063,0.348138782731122,0.683486574885883,,,,,,,2.5,2.466666666666667,,,0.3888889699089175,0.16749556968329699,0.4523508243587103,0.1829330156057713,1.8094032974348413,0.033333333333333215,,japan,2,,,2.451,,,,,,,2.451,2.451,,,,,0.4773333333333333,87.40040131886919,0.477,0.416,87.78928390232835,88.57077865990833,0.0003333333333332966,-0.38888258345916427,,,,,,,,
2025-07-01,,2.1986881461,,,,,,,,,0,0,3,1.823812776,1.7706886671,2.0424396432,1.2881478867,,-0.8587703855074125,,,,,,,,,1.7972507215500004,0.03756441764725987,1.7312722432499998,0.31796317964504034,6.925088972999999,,,india,1,,,4.219,,,,,,,4.219,4.219,,,,,,,,,,,,,,,,,,,,
2025-07-01,774829.4,-0.0285312431627104,,,,3.8,,,,,0,0,3,-0.019003407446938,0.1188790198257905,0.2191150955063392,0.1049759685139761,,0.4703595327164578,,,,,3.7000000000000006,3.5666666666666664,,,0.04993780618942626,0.09749759933100627,0.10599166909979195,0.09761795295825135,0.4239666763991678,0.0999999999999992,,germany,3,,,3.711,,,,,,,3.711,3.711,,,,,1.9240450982,87.40040131886919,2.1976737063666665,2.727418673166667,87.78928390232835,88.57077865990833,-0.27362860816666656,-0.38888258345916427,68.96666666666667,-13.366666666666667,68.00666666666666,75.81333333333333,-15.333333333333334,-15.133333333333333,0.960000000000008,1.9666666666666668
2025-07-01,24026.834,1.0705948402604193,323.235,22098.066666666666,4.293333333333333,4.333333333333333,101.7289,0.7606417835554602,0.5305235235928407,1.1296829803260522,0,0,3,0.9415531607956495,-0.1626486056421683,0.4588204928330341,0.8213953149049047,0.4094171532663004,0.9078832376236968,0.4514875616419722,1.036141861938944,1.102632581663343,0.854471707218174,4.2,4.133333333333334,4.33,4.33,0.3894522775767406,0.7807885568463325,0.5147800907228552,0.49604746556969503,2.059120362891421,0.13333333333333286,-0.03666666666666707,us,0,,,,,,,,,,,,,,,,,,,,,,,,,,,,,,,
2025-10-01,776892.5,0.2659112068547742,,,,3.9,,,,,0,0,4,-0.0285312431627104,-0.019003407446938,0.1188790198257905,0.2191150955063392,,,,,,,3.8,3.7000000000000006,,,-0.023767325304824186,0.006737197244638943,0.07261486618062032,0.11864110108890323,0.2904594647224813,0.10000000000000009,,germany,3,,,3.711,,,,,,,3.711,3.711,,,,,1.9281977512333333,86.30692814453077,1.9240450982,2.1976737063666665,87.40040131886919,87.78928390232835,0.004152653033333342,-1.0934731743384134,63.626666666666665,-12.666666666666666,68.96666666666667,68.00666666666666,-13.366666666666667,-15.333333333333334,-5.340000000000003,0.7000000000000011
2025-10-01,,0.184236482283784,,,,2.6,,,,,0,0,4,-0.587492935665246,0.270451716767206,0.50732622305063,0.348138782731122,,,,,,,2.533333333333333,2.5,,,-0.1585206094490204,0.606658481617743,0.13460594672092807,0.49139174651346673,0.5384237868837123,0.06666666666666687,,japan,2,,,2.451,,,,,,,2.451,2.451,,,,,0.504,86.30692814453077,0.4773333333333333,0.477,87.40040131886919,87.78928390232835,0.026666666666666727,-1.0934731743384134,,,,,,,,
2025-10-01,,1.8208824889,,,,,,,,,0,0,4,2.1986881461,1.823812776,1.7706886671,2.0424396432,,,,,,,,,,,2.0112504610500004,0.265076916297466,1.9589073080999997,0.1984517495531559,7.835629232399999,,,india,1,,,4.219,,,,,,,4.219,4.219,,,,,,,,,,,,,,,,,,,,
2025-10-01,24055.749,0.1202722552804402,325.547,22294.966666666664,3.8966666666666665,4.45,101.24933333333333,0.7127231603106132,-0.4725310208161914,0.8870819424082299,0,0,4,1.0705948402604193,0.9415531607956495,-0.1626486056421683,0.4588204928330341,0.7606417835554602,0.4094171532663004,0.5305235235928407,0.4514875616419722,1.1296829803260522,1.102632581663343,4.333333333333333,4.2,4.293333333333333,4.33,1.0060740005280344,0.09124624660512393,0.5770799720617339,0.5590412338812158,2.3083198882469356,0.11666666666666714,-0.3966666666666665,us,0,,,,,,,,,,,,,,,,,,,,,,,,,,,,,,,
2026-01-01,24180.419,0.516916176263571,328.1136666666667,22550.900000000005,3.64,4.333333333333333,101.56613333333333,0.7853248600749652,0.3124024640312584,1.1414033485671382,0,0,1,0.1202722552804402,1.0705948402604193,0.9415531607956495,-0.1626486056421683,0.7127231603106132,0.7606417835554602,-0.4725310208161914,0.5305235235928407,0.8870819424082299,1.1296829803260522,4.45,4.333333333333333,3.8966666666666665,4.293333333333333,0.5954335477704298,0.6719795441540573,0.4924429126735854,0.6065244050968601,1.9697716506943417,-0.11666666666666714,-0.2566666666666664,us,0,,,,,,,,,,,,,,,,,,,,,,,,,,,,,,,
2026-01-01,,0.452632124383712,,,,2.6666666666666665,,,,,0,0,1,0.184236482283784,-0.587492935665246,0.270451716767206,0.50732622305063,,,,,,,2.6,2.533333333333333,,,-0.20162822669073138,0.5456951046729295,0.0936303716090936,0.47418297193080167,0.3745214864363744,0.06666666666666643,,japan,2,,,,,,,,,,2.451,2.451,,,,,0.7280000000000001,91.55945972136172,0.504,0.4773333333333333,86.30692814453077,87.40040131886919,0.2240000000000001,5.252531576830947,,,,,,,,
2026-01-01,,1.8946472427,,,,,,,,,0,0,1,1.8208824889,2.1986881461,1.823812776,1.7706886671,,,,,,,,,,,2.0097853175000004,0.26714894217670004,1.9035180195249997,0.1982848096843539,7.614072078099999,,,india,1,,,,,,,,,,4.219,4.219,,,,,,,,,,,,,,,,,,,,
2026-01-01,780208.2,0.425881898524949,,,,3.8333333333333335,,,,,0,0,1,0.2659112068547742,-0.0285312431627104,-0.019003407446938,0.1188790198257905,,,,,,,3.9,3.8,,,0.11868998184603191,0.208202253076544,0.08431389401772908,0.1385409947981206,0.33725557607091633,-0.06666666666666643,,germany,3,,,,,,,,,,3.711,3.711,,,,,1.9315968780666664,91.55945972136172,1.9281977512333333,1.9240450982,86.30692814453077,87.40040131886919,0.0033991268333330993,5.252531576830947,80.20666666666666,-10.533333333333331,63.626666666666665,68.96666666666667,-12.666666666666666,-13.366666666666667,16.58,2.1333333333333346
2026-04-01,24269.613,0.3681900592443554,332.98466666666667,22961.93333333333,3.633333333333333,4.266666666666667,102.6055,1.473634980740535,1.0181391294579178,1.8062795859387748,0,0,2,0.516916176263571,0.1202722552804402,1.0705948402604193,0.9415531607956495,0.7853248600749652,0.7127231603106132,0.3124024640312584,-0.4725310208161914,1.1414033485671382,0.8870819424082299,4.333333333333333,4.45,3.64,3.8966666666666665,0.3185942157720056,0.2804696062435578,0.6623341081500203,0.43190181445715836,2.649336432600081,-0.06666666666666643,-0.006666666666667265,us,0,,,,,,,,,,,,,,,,,,,,,,,,,,,,,,,
2026-04-01,781976.5,0.2263881799937195,,,,3.8333333333333335,,,,,0,0,2,0.425881898524949,0.2659112068547742,-0.0285312431627104,-0.019003407446938,,,,,,,3.8333333333333335,3.9,,,0.34589655268986164,0.11311636087108229,0.1610646136925187,0.22322789820979164,0.6442584547700748,0.0,,germany,3,,,,,,,,,,,3.711,,,,,1.95504603968254,99.43900793859648,1.9315968780666664,1.9281977512333333,91.55945972136172,86.30692814453077,0.023449161615873626,7.879548217234756,103.27666666666669,-13.333333333333334,80.20666666666666,63.626666666666665,-10.533333333333331,-12.666666666666666,23.07000000000002,-2.8000000000000025
